Region,SOF,Latitude,Longitude
Gisborne,WXL,-37.6746,178.3481
Gisborne,WWL,-38.2039,178.2558
Gisborne,WWL,-38.2923,178.2692
Gisborne,WDL,-38.6342,177.9682
Gisborne,WDL,-38.6683,178.0199
Gisborne,CWH,-38.4268,177.7224
Gisborne,WWL,-38.3591,177.9335
Gisborne,WWL,-38.4616,177.8767
Gisborne,WWL,-38.6782,178.08
Gisborne,"NANA",-38.6685,178.0286
Bay of Plenty,CWH,-38.0824,176.2122
Bay of Plenty,CWH,-38.1564,176.2638
Gisborne,CWH,-38.3786,177.7931
Gisborne,WWL,-38.7595,177.8177
Gisborne,WWL,-38.5142,178.0403
Gisborne,WWL,-38.6537,177.9177
Gisborne,CWH,-38.5468,177.6596
Gisborne,CWH,-38.0475,178.1234
Bay of Plenty,CWLk,-38.044,176.3308
Bay of Plenty,CWLk,-38.0803,176.7124
Bay of Plenty,CWH,-38.0465,176.988
Bay of Plenty,WWL,-38.0943,177.288
Waikato,CWLk,-37.5662,175.1543
Southland,CWH,-45.6062,167.7023
Southland,CWH,-45.7374,168.1204
Southland,CWH,-45.4471,168.1362
Southland,CDL,-46.5104,168.7375
Southland,CDL,-46.3891,168.7776
Southland,CWH,-45.5583,168.5612
Southland,CDL,-46.3263,168.2662
Southland,CXLk,-45.7987,167.64
Waikato,WWL,-37.6977,175.2068
Waikato,WDL,-37.2813,175.0467
Waikato,CWLk,-38.5328,176.3037
Waikato,CWLk,-38.407,176.0861
Waikato,WWL,-37.296,174.9452
Waikato,WWL,-38.2855,175.6852
Waikato,CWH,-38.4187,175.8063
Waikato,CDH,-38.6811,176.0699
Taranaki,WWL,-39.0562,174.1851
Otago,CDL,-45.9043,170.4217
Otago,CDL,-45.9682,170.129
Otago,CDH,-45.6161,170.5965
Otago,CWL,-45.8622,170.5175
Otago,CDH,-44.7501,169.1169
Otago,CDH,-45.8659,169.1403
Otago,CDL,-46.0248,169.6972
Waikato,WWL,-38.5631,174.8371
Waikato,WXL,-38.6706,174.7094
Waikato,WWL,-37.587,175.091
Waikato,WWL,-37.2888,175.6717
Waikato,CWH,-38.8546,176.0214
Waikato,WWL,-37.8996,175.5349
Waikato,WWL,-37.1574,175.5905
Waikato,CWH,-38.3822,176.3426
Waikato,WDL,-37.745,175.2615
Waikato,WDL,-37.6254,175.2527
Waikato,WWL,-38.0553,175.6968
Waikato,CWH,-38.3472,176.0118
Waikato,CWH,-38.4523,176.3175
Waikato,WWL,-37.8118,175.3005
Waikato,CWL,-38.1969,175.8394
Waikato,WWL,-38.6475,174.6699
Waikato,CWH,-38.05,175.5384
Waikato,WDL,-37.8092,175.3363
Waikato,WDL,-37.7799,175.3874
Waikato,WWL,-37.8169,175.5128
Waikato,WWL,-38.1959,175.2053
Waikato,WWL,-38.0982,175.3961
Waikato,CXH,-38.0298,175.1363
Waikato,WDL,-37.8906,175.4046
Waikato,WWL,-37.4013,175.4234
Waikato,CWH,-38.6904,175.9664
Waikato,WWL,-38.2594,174.8347
Waikato,WWL,-38.6841,174.7228
Waikato,CWL,-38.4656,175.2858
Waikato,WWL,-38.5709,174.9027
Waikato,WWL,-38.5512,174.982
Waikato,WWL,-37.7632,174.9725
Waikato,WWL,-37.4145,175.7948
Waikato,WWL,-37.3734,175.8667
Waikato,WWL,-37.7676,175.1514
Waikato,WWL,-37.3653,174.885
Waikato,WWL,-37.9221,175.7706
Waikato,CWH,-38.3072,176.2637
Waikato,WWL,-37.7022,175.6042
Waikato,WDL,-37.5141,175.5062
Waikato,WWL,-37.8251,175.6281
Waikato,CWL,-38.0579,175.7225
Waikato,CWH,-38.6149,176.2588
Waikato,CWH,-38.3366,176.0704
Waikato,WWL,-37.0747,175.7717
Waikato,WWL,-36.9816,175.5051
Waikato,WWL,-37.3846,175.2902
Waikato,WWL,-36.7939,175.52440000000001
Waikato,CWH,-38.7005,175.6838
Waikato,WWL,-37.7874,175.8394
Waikato,WWL,-38.0193,175.8141
Waikato,WWH,-38.004,175.919
Waikato,WWL,-37.8533,175.8655
Waikato,CWH,-38.3801,176.3467
Waikato,WWL,-38.0058,175.2039
Waikato,WWL,-38.1922,175.2086
Waikato,CWH,-38.4236,175.9594
Waikato,CWH,-38.7985,176.0865
Waikato,WWL,-37.2714,175.357
Waikato,CWLk,-37.7733,175.2697
Waikato,WXL,-37.4167,175.7832
Waikato,WWL,-37.8178,174.976
Waikato,WWL,-37.7653,175.7412
Waikato,WWL,-37.5284,175.6296
Waikato,WWL,-38.1808,175.1915
Waikato,WWL,-38.2602,175.0988
Waikato,WWL,-36.9245,175.6923
Waikato,CWL,-38.2147,175.8728
Waikato,WWL,-37.1361,175.8426
Otago,CDH,-45.2264,169.4306
Otago,CDH,-44.9675,168.8144
Otago,CDL,-45.4748,170.7547
Otago,CDH,-45.3262,169.9543
Otago,CWL,-46.4612,169.5505
Otago,CDL,-46.059,169.4017
Otago,CDL,-46.1075,169.2517
Southland,CXLk,-46.1303,167.6858
Southland,CWM,-45.3158,168.1793
Southland,CDL,-46.2406,167.9587
Southland,CDL,-45.7162,168.4281
Southland,CDL,-46.1995,168.303
Southland,CWL,-46.1347,168.6019
Southland,CDL,-46.3847,168.3667
Southland,CDL,-46.4141,168.3504
Southland,CDH,-46.0093,168.8491
Southland,CWH,-45.8519,168.793
Southland,CWM,-45.5496,169.0289
Southland,CDL,-46.1075,168.9543
Southland,CWH,-46.3096,169.0822
Southland,CWL,-45.998,168.8242
Southland,CDL,-46.3828,168.7612
Southland,CDL,-46.0555,168.3123
Southland,CDL,-46.1327,168
Southland,CDL,-46.2859,168.0829
Northland,WWL,-35.2965,173.9017
Northland,WWL,-35.5419,174.2715
Northland,WWL,-35.108,173.2273
Northland,WWL,-35.6961,173.8678
Northland,WWL,-35.6318,173.8563
Otago,CDL,-45.8715,169.2124
Southland,CDL,-45.6796,168.4259
Southland,CDL,-46.3629,168.3467
Otago,CDH,-45.253,170.8413
Otago,CDL,-45.1538,170.8819
Tasman,CWH,-41.619,172.8079
Tasman,CWH,-41.065,172.9845
Tasman,CDL,-41.4033,173.1308
Auckland,WDL,-36.9623,174.88
Auckland,WDL,-36.9132,174.9161
Auckland,WDL,-36.9334,174.9029
Southland,CDL,-46.1266,167.9771
Otago,CDL,-46.082,169.8523
Southland,CWH,-45.5814,168.3738
Southland,CDL,-46.3298,168.2991
Southland,CDH,-46.1986,168.8635
Southland,CWL,-46.5742,169.1467
Southland,CDL,-46.1002,168.9494
Southland,CWL,-46.3212,168.8601
Southland,CWH,-45.5415,167.8883
Southland,CWL,-46.0005,168.4577
Southland,CWL,-46.0667,168.4827
Southland,CDL,-46.5202,168.5427
Northland,WWL,-35.698,174.145
Northland,WWL,-35.5336,174.2288
Northland,WWL,-35.6177,174.2601
Northland,WWL,-35.1468,173.4075
Taranaki,CWL,-39.3887,174.4666
Taranaki,CXH,-39.3239,174.1905
Taranaki,CXH,-39.3395,174.3451
Taranaki,CXH,-39.4119,174.0143
Taranaki,CWL,-39.496,173.9065
Taranaki,CXH,-39.225,173.8969
Taranaki,CWL,-39.429,174.2848
Taranaki,WWL,-39.1416,174.1374
Southland,CWL,-45.4102,167.7412
Auckland,WDL,-36.9666,174.8457
Canterbury,CDL,-43.9095,171.7387
Canterbury,CWH,-43.8677,171.6999
Canterbury,CDL,-43.6052,171.5319
Canterbury,CXGM,-44.0515,171.402
Canterbury,CXGM,-43.9746,171.3002
Canterbury,CDH,-44.2454,171.1132
Canterbury,CDL,-44.4177,171.2425
Canterbury,CDL,-44.185,171.5089
Nelson,CWL,-41.3308,173.2068
Nelson,CWL,-41.327,173.2175
Nelson,CWL,-41.3032,173.2269
Nelson,CWL,-41.295,173.2408
Nelson,CWL,-41.2958,173.2667
Nelson,CWH,-41.2716,173.2899
Nelson,CWH,-41.2884,173.3268
Nelson,CWL,-41.2753,173.3287
Nelson,CDL,-41.214,173.3362
Nelson,CWL,-41.1899,173.4192
Nelson,CWL,-41.2158,173.3954
Nelson,CWL,-41.2292,173.402
Nelson,CWL,-41.2174,173.3955
Nelson,CWL,-41.2504,173.3816
Nelson,CWL,-41.2026,173.4208
Nelson,CWL,-41.1289,173.5412
Nelson,CWH,-41.1889,173.4841
Nelson,CWL,-41.1597,173.5337
Nelson,CWL,-41.141,173.5369
Nelson,CWL,-41.2035,173.3595
Tasman,CXH,-40.7458,172.6277
Tasman,CDL,-41.3485,173.2025
Tasman,CWH,-41.3863,173.1602
Tasman,CWH,-41.4873,172.7006
Tasman,CWH,-41.3097,173.13
Tasman,CWL,-41.34,172.7653
Tasman,WDL,-41.3342,173.2009
Tasman,CWL,-41.0757,172.9845
Tasman,WWL,-41.1879,172.9305
Tasman,CWH,-41.124,172.9568
Tasman,CWH,-41.6552,172.8578
Tasman,CWH,-41.3343,172.7948
Tasman,CWL,-41.3809,172.7359
Southland,CWL,-46.2495,167.9359
Southland,CDL,-46.2995,168.1724
Southland,CWH,-45.4628,168.6838
Southland,CDL,-46.0624,168.2347
Southland,CDL,-46.246,168.4132
Southland,CDL,-46.1611,168.093
Southland,CWL,-46.2921,167.9579
Southland,CDL,-46.2816,167.9762
Southland,CDL,-46.0992,167.9622
Southland,CDL,-46.5421,168.4339
Southland,CDL,-46.5485,168.6572
Southland,CDL,-46.5428,168.6512
Southland,CDL,-46.5407,168.5692
Southland,CDL,-45.9658,168.3706
Manawatū-Whanganui,CDH,-39.7538,175.8362
Manawatū-Whanganui,CWL,-40.5116,175.2684
Manawatū-Whanganui,CWL,-40.4227,175.8619
Manawatū-Whanganui,WDL,-40.2756,175.5216
Manawatū-Whanganui,CWM,-39.6277,176.0443
Manawatū-Whanganui,CWL,-39.4796,175.0445
Northland,WWL,-35.9618,174.114
Northland,WWL,-35.4628,173.6606
Manawatū-Whanganui,CWL,-40.3589,175.9629
Manawatū-Whanganui,CWH,-39.1116,175.0613
Manawatū-Whanganui,CWH,-38.8916,175.2553
Otago,CDH,-45.9109,170.2624
Otago,CDH,-45.1967,170.1532
Canterbury,CWH,-44.0035,171.1653
Canterbury,CDH,-44.7793,171.1578
Canterbury,CDL,-44.8005,170.9757
Canterbury,CDH,-44.0415,171.111
Canterbury,CDL,-44.7753,171.1529
Canterbury,CDL,-44.7492,171.1606
Canterbury,CDL,-44.6762,171.1475
Canterbury,CWH,-43.4613,171.893
Waikato,CWH,-38.8887,175.7686
Waikato,CWH,-38.7835,175.7301
Waikato,CWH,-38.8593,175.7827
Nelson,CWH,-41.3281,173.2633
Nelson,CWL,-41.2994,173.3669
Nelson,CWL,-41.2401,173.401
Nelson,CWH,-41.1853,173.4874
Otago,CDM,-45.2474,169.3563
Otago,CDH,-45.0318,170.7522
Tasman,CWH,-41.8174,172.4306
Tasman,CWL,-41.4077,173.1589
Tasman,CWH,-41.471,173.0786
Tasman,CWH,-41.0339,172.901
Tasman,CWH,-41.6762,172.8654
Tasman,CXL,-40.7585,172.7056
Tasman,CWH,-41.6467,172.8409
Southland,CDL,-45.6187,167.6904
Southland,CDL,-46.0772,167.7916
Southland,CWH,-45.5307,167.7546
Northland,WWL,-35.7621,173.6838
Northland,WWH,-35.6525,173.5704
Northland,WWL,-35.1215,173.2754
Otago,CDL,-45.8727,170.3221
Canterbury,CDL,-43.4474,172.6782
Canterbury,CDL,-44.2107,171.2632
Canterbury,CDL,-44.2447,171.2677
Canterbury,CDL,-44.0944,171.6239
Canterbury,CDL,-44.2267,171.4071
Canterbury,CDL,-44.2399,171.3865
Canterbury,CDL,-44.0155,171.2777
Canterbury,CDL,-44.1522,171.4804
Canterbury,CDL,-43.1279,172.7789
Canterbury,CWH,-43.2768,172.6886
Canterbury,CDL,-43.2896,172.6852
Canterbury,CDL,-43.3434,172.637
Canterbury,CDL,-43.3714,172.6289
Canterbury,CDL,-43.3751,172.6324
Canterbury,CDL,-43.4356,172.635
Canterbury,CDL,-43.7397,172.0432
Canterbury,CWH,-43.518,171.6576
Canterbury,CDH,-43.0594,172.5897
Canterbury,CDL,-43.305,172.6422
Nelson,CWL,-41.2882,173.3256
Tasman,WXL,-40.7145,172.614
Tasman,CWL,-40.8314,172.8939
Tasman,CXH,-41.7996,172.3198
Tasman,WWL,-40.856,172.8317
West Coast,CXH,-42.63,171.5966
Southland,CWL,-46.3585,168.8435
Southland,CWL,-46.6297,169.0232
Southland,CWH,-45.7226,168.8419
Southland,CDL,-45.9448,168.6599
Southland,CWL,-46.6214,168.8797
Southland,CDL,-45.9872,168.8011
Wellington,CWL,-40.743,175.1408
Wellington,CWL,-40.7764,175.223
Wellington,CWL,-40.7366,175.1263
Wellington,WWL,-40.822,175.1996
Wellington,WDL,-40.7587,175.1085
Wellington,WWL,-40.7904,175.0889
Wellington,WWL,-40.8616,175.0311
Wellington,CWL,-40.8686,175.1357
Wellington,CWL,-40.8769,175.0321
Wellington,WWL,-40.9547,174.9721
Wellington,CWL,-41.0793,174.9262
Wellington,CWL,-41.1143,174.9188
Wellington,CWL,-41.1916,174.8279
Wellington,WWL,-41.1494,174.8396
Wellington,CWL,-41.236,174.7127
Wellington,CWL,-41.2954,174.7225
Wellington,CWL,-41.258,174.7794
Wellington,CXH,-41.0799,175.1436
Wellington,WWL,-41.1536,174.9864
Wellington,CXH,-41.0652,175.1971
Wellington,CWH,-41.0943,175.1281
Wellington,CWL,-41.0895,175.0977
Wellington,CWL,-41.1123,175.0516
Wellington,CWL,-41.3945,174.8818
Wellington,WDL,-41.418,174.9018
Wellington,CXH,-40.7497,175.5826
Wellington,CWL,-40.9528,175.6801
Wellington,CWL,-41.0724,175.6291
Wellington,CWL,-41.2481,175.3611
Wellington,CWL,-40.6879,176.2169
Wellington,CWL,-40.7545,175.9887
Wellington,CDL,-41.063,175.6676
Wellington,CWL,-40.8936,175.6918
Wellington,CWL,-40.9863,175.689
Wellington,CWL,-40.9542,175.6736
Wellington,CXH,-40.9755,175.6233
Wellington,WWL,-40.9599,176.043
Wellington,CWL,-41.0595,175.9991
Wellington,WDL,-41.078,175.5417
Wellington,CXH,-41.0164,175.4001
Wellington,WDL,-41.0911,175.5076
Wellington,CWL,-41.0181,175.4258
Wellington,CWL,-41.0548,175.4962
Wellington,CDL,-41.208,175.4691
Wellington,WWL,-41.4945,175.5152
Wellington,CWH,-41.1679,175.3493
Wellington,CWH,-41.2564,175.1438
Taranaki,WWL,-39.1553,174.259
Bay of Plenty,CWLk,-38.0178,176.344
Bay of Plenty,WWL,-38.0795,177.1362
Gisborne,CWH,-37.9488,178.2109
Gisborne,WXL,-37.5927,178.1525
Gisborne,WWL,-38.5151,178.2549
Wellington,CWL,-41.2568,175.0089
Wellington,CWL,-41.1092,175.9538
Wellington,CWL,-40.9969,175.593
Wellington,CWH,-41.3983,175.2806
Hawke's Bay,CDL,-39.6046,176.932
Gisborne,CWH,-38.3616,177.4981
Gisborne,WXH,-37.5994,178.2602
Otago,CDH,-44.7454,169.5078
Otago,CDH,-45.4835,169.8139
Bay of Plenty,WWLk,-37.7904,176.3603
Canterbury,CDL,-44.1263,171.2641
Canterbury,CWM,-42.4155,173.6319
Canterbury,WDL,-42.3991,173.6798
Canterbury,WDL,-42.392,173.673
Canterbury,WDL,-42.367,173.6848
Canterbury,WDL,-42.3765,173.6787
Gisborne,WXL,-37.7853,178.4276
Wellington,WWL,-41.3861,175.5597
Hawke's Bay,WWL,-39.6393,176.9881
Hawke's Bay,WWL,-39.7327,176.953
Hawke's Bay,WWL,-39.8259,176.9811
Tasman,CWL,-40.8493,172.8404
Tasman,WWL,-40.8583,172.8195
Tasman,CXH,-40.7767,172.6962
West Coast,CXLk,-42.6495,171.534
Bay of Plenty,WWH,-37.7545,176.0701
Bay of Plenty,WWL,-37.5851,175.9118
Bay of Plenty,CWH,-38.4602,176.6977
Bay of Plenty,CWH,-38.04,176.8
Bay of Plenty,WWL,-37.9414,176.7667
Bay of Plenty,CWLk,-38.1833,176.5006
Canterbury,CDL,-44.9163,171.095
Gisborne,WWL,-38.6397,178.0682
Gisborne,WDL,-38.631100000000004,177.8576
Wellington,WWL,-40.9531,174.997
Wellington,WWL,-41.1967,174.9205
Wellington,WWL,-41.198,174.9222
Hawke's Bay,CDL,-39.7154,176.927
Manawatū-Whanganui,CWM,-39.8094,175.8081
Manawatū-Whanganui,CWH,-38.9425,175.1889
Hawke's Bay,CWH,-39.0736,177.1291
Northland,WWL,-35.7342,174.0512
Northland,WWL,-35.6528,174.1519
Taranaki,CWL,-39.5763,174.2102
Taranaki,CWL,-39.5763,174.2103
Canterbury,CDL,-44.8715,170.965
Canterbury,CDH,-42.8289,172.8973
Gisborne,WWL,-38.0469,178.1767
Gisborne,WXH,-37.6256,178.3346
Gisborne,WWL,-38.3474,178.2491
Gisborne,WXH,-37.8377,178.2939
Gisborne,CXH,-37.8944,178.2951
Gisborne,WDL,-38.6918,178.0715
Hawke's Bay,CWH,-40.0154,176.3231
Hawke's Bay,CWL,-39.9659,176.3342
Hawke's Bay,CWH,-39.8623,176.4456
Hawke's Bay,CWH,-39.9353,176.3508
Hawke's Bay,CDL,-40.0241,176.3711
Hawke's Bay,CDL,-39.7155,176.9279
Hawke's Bay,CWL,-39.9489,176.7027
Hawke's Bay,CWH,-38.9479,176.2851
Hawke's Bay,CWL,-39.9623,176.6823
Gisborne,WWL,-38.5558,178.2153
Wellington,CWL,-41.0253,175.4973
Gisborne,WDL,-38.6955,177.9418
Otago,CDH,-45.1772,170.8811
Otago,CDH,-45.4255,170.6633
Bay of Plenty,WWLk,-37.7934,176.3638
Canterbury,CDH,-44.4586,169.9726
Canterbury,CDH,-44.4652,170.0378
Canterbury,CDH,-44.5089,170.6757
Canterbury,CDH,-44.598,170.6355
Canterbury,CDL,-44.2493,171.3002
Canterbury,CDL,-44.264,171.33690000000001
Canterbury,CDL,-44.8991,171.1224
Canterbury,CDL,-44.6657,171.162
Canterbury,CDH,-44.2377,171.3922
Canterbury,CDL,-43.3756,172.6336
Canterbury,CDL,-43.6961,172.4129
Canterbury,CDL,-43.3048,172.6888
Canterbury,CDL,-43.8555,172.2812
Canterbury,CDL,-43.8537,172.3564
Canterbury,CDH,-43.4144,172.034
Canterbury,CDL,-43.2549,172.6887
Canterbury,CWM,-42.6882,172.799
Canterbury,CDL,-42.6544,173.0349
Canterbury,CWH,-42.7192,173.2842
Canterbury,CDL,-44.202,171.3454
Canterbury,CDL,-44.2152,171.3263
Canterbury,CDL,-44.216,171.3251
Canterbury,WDL,-42.404,173.6842
Hawke's Bay,WWL,-39.3854,176.8212
Hawke's Bay,WDL,-39.5991,176.8779
Hawke's Bay,CWL,-39.5685,176.881
Hawke's Bay,WDL,-40.2967,176.5807
Hawke's Bay,WDL,-39.6977,176.7939
Hawke's Bay,WWL,-40.2945,176.5558
Hawke's Bay,WDL,-39.6939,176.7909
Hawke's Bay,WWL,-39.4404,176.7191
Hawke's Bay,CWH,-39.3709,176.439
Hawke's Bay,WDL,-39.9961,176.6269
Hawke's Bay,CWH,-39.5584,176.3984
Hawke's Bay,WWL,-39.2701,176.9789
Hawke's Bay,CWH,-39.048,176.589
Hawke's Bay,CWH,-38.9444,176.508
Hawke's Bay,WXL,-39.0144,177.8583
Hawke's Bay,CXLk,-38.7401,177.1703
Hawke's Bay,CWH,-38.8157,177.4832
Gisborne,CWH,-38.7334,177.5843
Hawke's Bay,CWH,-39.0014,177.395
Hawke's Bay,CWH,-39.5867,176.7603
Hawke's Bay,WWL,-39.8011,176.9791
Hawke's Bay,CWH,-39.2004,176.5167
Hawke's Bay,WWL,-39.9649,176.906
Hawke's Bay,CWH,-38.9152,176.2753
Hawke's Bay,WDL,-39.5994,176.7114
Hawke's Bay,CWH,-39.5999,176.5771
Hawke's Bay,CWH,-39.2073,176.517
Manawatū-Whanganui,CWL,-40.3319,175.818
Manawatū-Whanganui,CWH,-40.6634,175.3374
Manawatū-Whanganui,CWH,-40.4873,175.526
Manawatū-Whanganui,WDL,-39.8867,174.9013
Canterbury,CDH,-44.2807,171.3464
Canterbury,CDH,-44.2413,171.4071
Nelson,CWL,-41.2783,173.2892
Tasman,CWH,-41.8164,172.4734
Tasman,WWL,-40.855,172.8141
West Coast,CXL,-42.4572,171.2056
West Coast,CXL,-42.3761,171.2429
West Coast,CXL,-41.7602,171.545
West Coast,CXL,-41.771,171.6254
West Coast,CXL,-43.1734,170.3773
West Coast,CXL,-43.183,170.383
West Coast,CXLk,-42.4818,171.3762
West Coast,CXH,-42.6012,171.4974
Auckland,WWL,-36.7443,174.6179
Bay of Plenty,CXH,-37.8637,177.6323
Bay of Plenty,CWH,-38.458,176.6973
Bay of Plenty,WWL,-37.939,176.767
Bay of Plenty,CWLk,-38.1819,176.5024
Bay of Plenty,CWH,-38.4798,176.7476
Bay of Plenty,CWH,-38.4844,176.7457
Bay of Plenty,CWH,-38.0398,176.7998
Canterbury,CDH,-42.8762,172.7491
Canterbury,CDH,-42.8325,172.9031
Canterbury,CDH,-44.1683,170.9417
Canterbury,CWM,-43.4173,172.6418
Southland,CDL,-45.8864,168.6015
Southland,CDL,-45.945,168.6225
Southland,CDL,-45.9392,168.7295
Southland,CDL,-46.3895,168.7971
Southland,CDL,-46.3263,168.2659
Waikato,CWLk,-37.7922,175.2891
Gisborne,WWL,-38.4685,177.8818
Manawatū-Whanganui,CWL,-40.5652,175.7451
Manawatū-Whanganui,CWL,-40.4354,175.4698
Manawatū-Whanganui,WDL,-40.3725,175.6241
Manawatū-Whanganui,CWL,-40.2405,176.1117
Manawatū-Whanganui,CWL,-40.3419,175.8479
Manawatū-Whanganui,CXL,-40.6404,175.611
Manawatū-Whanganui,CWH,-39.431,175.3231
Manawatū-Whanganui,CWH,-40.1734,175.6599
Manawatū-Whanganui,CWH,-40.2246,175.783
Manawatū-Whanganui,CWH,-40.0796,175.4638
Manawatū-Whanganui,CWM,-39.8103,175.8081
Manawatū-Whanganui,WDL,-40.3725,175.6242
Southland,CWL,-45.805,167.5342
Hawke's Bay,CWM,-39.3799,176.3306
Gisborne,CWH,-38.1997,177.621
Northland,WWL,-35.725,174.3164
Northland,WWL,-35.6399,174.3131
Auckland,WWL,-36.3853,174.517
Canterbury,CDL,-44.9271,171.1003
Canterbury,CDH,-44.7248,170.4906
Canterbury,CWLk,-44.7005,170.4512
Canterbury,CDL,-44.2621,171.2905
Canterbury,CWH,-44.0789,170.9797
Canterbury,CWH,-42.7904,172.5415
Gisborne,CWH,-38.415,177.5617
Hawke's Bay,CWH,-39.8179,176.304
Hawke's Bay,CWH,-39.5964,176.8725
Hawke's Bay,CWH,-39.1778,176.6348
Manawatū-Whanganui,CWH,-40.1251,175.4443
Manawatū-Whanganui,CWL,-39.7869,175.1425
Marlborough,WDL,-41.4388,173.9527
Northland,WWL,-35.7323,174.0527
Northland,WWL,-35.6519,174.1508
Northland,WWL,-35.2763,174.0475
Northland,WWL,-35.2734,173.6881
Otago,CDL,-46.2373,169.748
Otago,CDH,-45.8464,170.2439
Otago,CDL,-45.6647,169.4101
Otago,CDH,-45.5962,170.0941
Otago,CDH,-45.2565,170.2728
Otago,CWLk,-45.0064,168.8687
Otago,CWM,-44.99,168.715
Otago,CXLk,-44.7293,169.28
Taranaki,CXL,-39.2812,174.2618
Taranaki,WXL,-39.0479,174.2551
Tasman,CWH,-41.7651,172.3867
Waikato,CXM,-38.9945,175.8131
Waikato,CWLk,-38.6758,176.0773
Waikato,CWH,-38.2687,175.3483
Waikato,WWL,-37.7986,175.1519
Waikato,WWL,-37.5466,175.7068
Waikato,WDL,-37.4321,175.1315
Waikato,WWL,-37.4148,175.7153
Wellington,CWL,-41.1954,175.4396
Wellington,CXH,-41.0509,175.1916
Wellington,WDL,-41.003,175.6716
Wellington,CXH,-40.7621,175.605
West Coast,CXL,-43.9425,169.2979
Canterbury,CXM,-43.359,172.0512
Tasman,CWM,-41.6335,172.9137
Tasman,CWL,-41.2498,172.8248
Marlborough,CWM,-41.8964,172.9229
Canterbury,CWH,-42.8984,173.0966
West Coast,CXH,-41.8349,171.6998
West Coast,CXL,-42.4535,171.2979
West Coast,CWL,-42.3545,171.7862
Auckland,WWL,-36.3995,174.66
Bay of Plenty,WWL,-37.6976,176.1513
Canterbury,CDL,-42.8337,172.8602
Southland,CDL,-45.8983,168.5493
Southland,CDL,-45.84,168.5339
Southland,CDL,-45.7676,168.4923
Southland,CDL,-45.7449,168.4848
Manawatū-Whanganui,CWL,-40.2395,176.1164
Manawatū-Whanganui,CWL,-39.7694,175.1618
Otago,CDH,-44.885,169.3843
Canterbury,CDH,-44.5093,170.6804
Canterbury,CDH,-44.3046,170.0704
Canterbury,CDH,-44.4898,169.9577
Canterbury,CWLk,-44.8565,170.69
Canterbury,CDL,-44.8159,170.6365
Canterbury,CDH,-44.1749,170.3233
Canterbury,CDH,-44.6045,170.2029
Canterbury,CWM,-44.0007,170.4119
Canterbury,CDH,-44.0874,170.3488
Canterbury,CDL,-42.6876,173.3025
Canterbury,CDH,-43.228,172.2286
Canterbury,CWH,-42.5991,173.4179
Canterbury,CWH,-42.6347,173.0648
Canterbury,CDL,-43.3224,172.6232
Canterbury,CDL,-43.3222,172.6302
Hawke's Bay,CWH,-39.2295,176.7968
Hawke's Bay,WWL,-39.2105,176.8895
Hawke's Bay,WDL,-40.2066,176.5911
Hawke's Bay,WDL,-39.5971,176.863
Hawke's Bay,WWL,-39.143,177.0208
Manawatū-Whanganui,CWL,-40.2408,176.0988
Tasman,CXL,-40.6693,172.6439
Tasman,CXH,-40.8637,172.8038
Tasman,CWL,-41.7998,172.3225
Tasman,CXH,-41.4433,172.5964
Tasman,WWL,-40.8788,172.83
Tasman,WWL,-40.8563,172.8318
Tasman,CXL,-40.8068,172.7637
Tasman,CXL,-40.7157,172.5769
West Coast,CXLk,-42.4044,171.5204
West Coast,CXL,-42.491,171.215
West Coast,CXL,-41.7687,171.6615
West Coast,CXL,-42.9869,170.703
West Coast,CXL,-43.0841,170.5692
West Coast,CXL,-43.1125,170.5533
West Coast,CXL,-42.5567,171.4595
Auckland,WWL,-36.6852,174.6946
Auckland,WDL,-36.9557,174.8906
Auckland,WDL,-36.732,174.6947
Auckland,WDL,-36.9927,174.8704
Auckland,WDL,-36.6844,174.7395
Auckland,WDL,-37.0134,175.0532
Southland,CXLk,-46.1308,167.686
Southland,CDL,-45.7162,168.4278
Southland,CWH,-45.5594,168.5615
Southland,CDL,-46.5402,168.5703
Manawatū-Whanganui,CDH,-39.6569,175.7809
Manawatū-Whanganui,CWH,-39.421,175.2821
Manawatū-Whanganui,WDL,-40.3733,175.6277
Manawatū-Whanganui,CWH,-40.4361,175.7917
Manawatū-Whanganui,CDH,-39.7003,175.3311
Manawatū-Whanganui,WWL,-38.9175,175.0324
Manawatū-Whanganui,CWH,-40.2956,175.2756
Manawatū-Whanganui,CWH,-39.4962,175.4577
Manawatū-Whanganui,CWL,-40.6865,175.1654
Northland,WWL,-35.0981,173.7733
Northland,WWL,-35.8695,174.4026
Northland,WWL,-35.3942,174.0199
Auckland,WWL,-36.8889,174.5221
Auckland,WWL,-36.7762,174.56
Auckland,WDL,-36.7231,174.6962
Auckland,WWL,-36.4485,174.6488
Auckland,WWL,-36.345,174.7118
Waikato,WWL,-37.1955,174.9735
Auckland,WWL,-36.8762,174.7048
Auckland,WWL,-36.8949,174.5947
Auckland,WWL,-37.0282,174.9232
Auckland,WWL,-36.551,174.6605
Auckland,WWL,-36.5785,174.6576
Auckland,WDL,-36.7319,174.6948
Auckland,WWL,-36.6696,174.7148
Bay of Plenty,CWLk,-37.8385,176.3902
Bay of Plenty,WWL,-37.7344,176.11
Bay of Plenty,WWL,-37.6992,176.0944
Manawatū-Whanganui,CWL,-40.2447,176.1895
Manawatū-Whanganui,CWH,-40.1227,176.0335
Bay of Plenty,WWL,-37.7553,176.3482
Northland,WWL,-35.2172,173.9629
Otago,CWM,-44.7485,169.2687
Otago,CDH,-45.1109,169.5916
Otago,CXGM,-44.6358,168.9907
Otago,CDLk,-45.9305,170.0661
Otago,CDL,-46.1671,169.5563
Otago,CDH,-45.5685,170.1404
Canterbury,CDL,-44.3733,171.2414
Canterbury,CDL,-43.3251,172.6023
Canterbury,CDL,-43.4349,171.986
Canterbury,CDL,-44.2082,171.3797
Hawke's Bay,WDL,-39.5138,176.8496
Hawke's Bay,WDL,-39.6722,176.8662
Tasman,CWH,-41.4509,172.8323
Canterbury,CDH,-44.3486,169.9668
Otago,CDL,-45.3922,170.8388
Otago,CXM,-44.774,168.3244
Otago,CDH,-45.111,170.7364
Tasman,WDL,-41.2437,173.09
Tasman,WDL,-41.1965,173.0577
West Coast,CWL,-41.244,172.146
West Coast,WWL,-41.2461,172.1301
Canterbury,CDL,-43.5222,172.607
Canterbury,CDL,-43.5234,172.6068
Canterbury,CDL,-43.5245,172.608
Canterbury,CDL,-43.5233,172.6727
Canterbury,WDL,-43.511,172.7213
Canterbury,CDL,-43.527,172.7238
Canterbury,CDL,-43.5776,172.6163
Canterbury,CDL,-43.5721,172.6432
Canterbury,CDL,-43.5556,172.6665
Canterbury,CDL,-43.5563,172.6913
Canterbury,CDL,-43.5599,172.7088
Canterbury,CDL,-43.4622,172.5895
Canterbury,CDL,-43.4688,172.5893
Canterbury,CDL,-43.469,172.6174
Canterbury,CDL,-43.4617,172.634
Canterbury,CDL,-43.4597,172.6562
Canterbury,CDL,-43.4641,172.6582
Canterbury,CDL,-43.552,172.7022
Canterbury,CDL,-43.7565,172.6825
Canterbury,CDL,-43.695,172.4505
Canterbury,CDLk,-43.7972,172.3386
Canterbury,CDL,-43.6843,172.5266
Canterbury,CWL,-43.765,172.7968
Waikato,CWLk,-37.8396,175.3477
Hawke's Bay,CDL,-39.9071,176.5248
Manawatū-Whanganui,CWH,-40.5237,175.9312
Manawatū-Whanganui,CWH,-38.8622,175.2382
Manawatū-Whanganui,CWL,-40.6308,176.3024
Manawatū-Whanganui,CWH,-39.409,175.3839
Manawatū-Whanganui,CWH,-39.4307,175.4637
Manawatū-Whanganui,WWL,-40.5377,175.4003
Manawatū-Whanganui,CWL,-40.3445,175.8539
Manawatū-Whanganui,CWL,-40.6517,175.7037
Manawatū-Whanganui,CWH,-40.2319,175.5823
Manawatū-Whanganui,CWL,-40.3878,175.5823
Manawatū-Whanganui,CWL,-40.3983,175.5568
Manawatū-Whanganui,CWL,-40.526,175.3999
Manawatū-Whanganui,CDH,-40.0621,175.7928
Manawatū-Whanganui,CWL,-40.6326,175.7147
Manawatū-Whanganui,CWH,-39.4378,175.2854
Manawatū-Whanganui,CWL,-40.4047,175.5547
Manawatū-Whanganui,CWL,-40.3445,175.8515
Manawatū-Whanganui,CWH,-39.4316,175.4638
Manawatū-Whanganui,CWL,-40.5369,175.3982
Manawatū-Whanganui,CWH,-39.4081,175.3827
Manawatū-Whanganui,CWH,-40.2374,175.5789
Manawatū-Whanganui,CWH,-40.2635,175.5411
Manawatū-Whanganui,CDL,-40.0639,175.7928
Marlborough,WDL,-41.6081,174.1515
Marlborough,CDM,-41.8348,173.7308
Marlborough,CDL,-41.8336,174.174
Marlborough,CWL,-41.2708,174.0739
Marlborough,CWL,-41.1661,174.1239
Marlborough,CWL,-41.3113,173.7747
Marlborough,CDH,-41.5229,173.8168
Marlborough,CWL,-41.4779,173.7812
Marlborough,CDL,-41.5173,174.0173
Marlborough,CDL,-41.4871,173.9092
Marlborough,CWH,-41.3007,173.7116
Marlborough,CWH,-41.3015,173.5684
Marlborough,CXL,-41.2856,173.5746
Marlborough,WDL,-41.4455,173.9703
Marlborough,WDL,-41.4382,173.9646
Marlborough,CDL,-41.5121,173.9605
Marlborough,CWH,-41.4423,174.0061
Marlborough,CWH,-41.5284,173.7322
Marlborough,CWH,-41.6212,173.689
Marlborough,CXH,-41.291,173.6689
Marlborough,CWL,-41.2936,174.005
Northland,WWL,-36.2028,174.4963
Northland,WWL,-35.2092,173.5411
Northland,WWL,-35.0395,173.4907
Northland,WXL,-35.5577,173.4476
Northland,WWL,-35.7266,174.1253
Northland,WWL,-35.2033,173.9686
Bay of Plenty,WWL,-37.7382,176.1419
Manawatū-Whanganui,CWL,-40.2534,176.0323
Manawatū-Whanganui,CWH,-40.7077,175.2336
Manawatū-Whanganui,CWL,-40.2246,176.1016
Manawatū-Whanganui,CWH,-40.2625,175.5446
Manawatū-Whanganui,WWL,-40.4394,175.8402
Manawatū-Whanganui,CWL,-40.0806,176.2229
Manawatū-Whanganui,CWL,-40.0842,176.2231
Manawatū-Whanganui,CWL,-40.4189,175.87
Manawatū-Whanganui,WWL,-40.4385,175.8425
Manawatū-Whanganui,CWL,-40.2613,176.0398
Manawatū-Whanganui,CDH,-39.4624,175.6579
Canterbury,CDL,-43.5618,172.5778
Bay of Plenty,CWLk,-38.0265,176.7386
Canterbury,CDL,-43.7656,172.3579
Canterbury,CDL,-43.7709,172.3534
Canterbury,CDL,-43.7874,172.7956
Canterbury,CDL,-43.641,172.64940000000001
Canterbury,CDL,-43.7776,172.9057
Canterbury,CWL,-42.4625,173.2735
Canterbury,CWL,-42.542,173.4505
Canterbury,CDL,-43.6541,172.7025
Canterbury,CDL,-43.8152,172.9027
Canterbury,CWL,-43.7822,172.9704
Canterbury,CWH,-42.4082,173.5417
Canterbury,CWL,-42.2792,173.7681
Canterbury,CWH,-42.3113,173.7176
Canterbury,CDL,-43.7608,172.9109
Canterbury,CDL,-43.7405,172.9332
Canterbury,CWH,-44.0511,171.8047
Canterbury,CWL,-43.6399,172.7505
Marlborough,CWL,-41.2819,173.9022
Marlborough,WDL,-41.902,174.1113
Nelson,CWL,-41.2892,173.2917
Otago,CDL,-45.8517,170.5238
West Coast,WWL,-41.3072,172.0972
Canterbury,CDL,-43.5227,172.6254
Canterbury,CDL,-43.5337,172.6165
Canterbury,CDL,-43.5356,172.6215
Canterbury,CDL,-43.5297,172.6396
Canterbury,CDL,-43.5147,172.6605
Canterbury,CDL,-43.5045,172.6825
Canterbury,CDL,-43.5022,172.6876
Canterbury,CDL,-43.5533,172.5802
Canterbury,CDL,-43.5545,172.5904
Canterbury,CDL,-43.5707,172.6123
Canterbury,CDL,-43.5735,172.6179
Canterbury,CDL,-43.5529,172.672
Canterbury,CDL,-43.4014,172.6911
Canterbury,CDL,-43.5961,172.5605
Canterbury,CDL,-43.6083,172.5593
Canterbury,CDL,-43.5532,172.6831
Manawatū-Whanganui,CWH,-40.4491,175.6216
Manawatū-Whanganui,CXH,-40.6805,175.5475
Manawatū-Whanganui,CWH,-39.4017,175.4123
Manawatū-Whanganui,CWL,-40.6643,175.1978
Manawatū-Whanganui,CWM,-39.9381,175.9258
Manawatū-Whanganui,CWH,-40.0522,175.9401
Manawatū-Whanganui,WDL,-40.0771,175.4532
Manawatū-Whanganui,CWH,-40.2454,176.0649
Manawatū-Whanganui,CWL,-40.4671,175.9228
Manawatū-Whanganui,CDL,-40.0257,175.2333
Manawatū-Whanganui,CWH,-39.9258,175.2757
Manawatū-Whanganui,CWH,-40.1895,175.3774
Manawatū-Whanganui,WDL,-40.1332,175.4858
Manawatū-Whanganui,WDL,-40.2149,175.4112
Manawatū-Whanganui,CWL,-40.2247,176.1017
Manawatū-Whanganui,WDL,-40.2158,175.4112
Manawatū-Whanganui,WDL,-40.1332,175.4846
Manawatū-Whanganui,CWH,-40.1955,175.3494
Manawatū-Whanganui,CDL,-40.1064,175.3885
Marlborough,CDH,-41.7075,173.8803
Marlborough,CXL,-41.2122,173.6227
Marlborough,CXL,-41.2104,173.596
Northland,WWL,-35.7101,174.3314
Manawatū-Whanganui,CDH,-39.4615,175.659
Manawatū-Whanganui,CDL,-40.1055,175.3873
Canterbury,CDL,-44.8905,171.0342
Manawatū-Whanganui,CDH,-39.683,175.8169
Marlborough,CWM,-41.5622,173.5138
Otago,CWL,-46.2896,169.2311
West Coast,CXH,-42.6449,171.3532
Canterbury,CDH,-44.8177,170.5092
Canterbury,CDH,-44.3387,170.0224
Canterbury,CDL,-43.6193,172.6498
Canterbury,CWL,-43.8103,172.9615
Waikato,CWH,-39.0792,176.2866
Hawke's Bay,CWH,-39.0741,176.3022
Waikato,CWH,-39.0823,176.3075
West Coast,CXL,-43.068600000000004,170.5194
West Coast,CXLk,-42.6526,171.435
West Coast,CXLk,-42.6116,171.4133
Auckland,WWL,-37.0925,175.1014
Auckland,WDL,-36.8805,174.863
Canterbury,CDL,-43.4541,172.6029
Manawatū-Whanganui,CWH,-40.2197,176.012
Manawatū-Whanganui,CWH,-39.3715,175.3246
Manawatū-Whanganui,WDL,-40.7244,175.2116
Manawatū-Whanganui,CWL,-40.3869,175.8898
Manawatū-Whanganui,CWL,-40.4496,175.8312
Manawatū-Whanganui,CWL,-40.3229,175.9954
Manawatū-Whanganui,CWL,-40.3887,175.8887
Manawatū-Whanganui,CWM,-39.4633,175.5812
Manawatū-Whanganui,CDH,-39.6721,175.8027
Manawatū-Whanganui,WDL,-40.0399,175.1677
Marlborough,CWL,-41.4664,173.8249
Marlborough,CWL,-41.2947,173.8576
Marlborough,WDL,-41.5147,173.9425
Marlborough,WDL,-41.5087,173.9417
Auckland,WWL,-37.227,174.7398
Auckland,WWL,-37.1707,174.8424
Auckland,WWL,-36.7369,174.5358
Auckland,WWL,-36.5566,174.5207
Auckland,WWL,-36.6306,174.519
Hawke's Bay,WWL,-39.1,176.7022
Manawatū-Whanganui,WDL,-40.0401,175.1685
Otago,CDM,-44.9394,169.7649
Otago,CDH,-45.15,170.2612
Hawke's Bay,WDL,-39.6908,176.7984
Tasman,WDL,-41.3255,173.1752
West Coast,CXL,-42.3899,171.2559
West Coast,CXL,-42.3862,171.2515
Bay of Plenty,WWL,-37.7336,176.2285
Manawatū-Whanganui,CWH,-39.4382,175.289
Manawatū-Whanganui,CWL,-40.5464,176.1946
Manawatū-Whanganui,CWL,-40.4757,175.7957
Manawatū-Whanganui,CWL,-40.4026,175.8827
Manawatū-Whanganui,CWL,-40.6469,175.6945
Manawatū-Whanganui,CWL,-40.1159,176.2709
Manawatū-Whanganui,CWL,-40.1155,176.2709
Manawatū-Whanganui,CWL,-40.549,176.1977
Canterbury,CDL,-43.588,172.5798
Bay of Plenty,WWL,-37.8155,176.5127
Hawke's Bay,CWH,-39.4849,176.6998
Otago,CXLk,-44.6505,169.2464
Waikato,CWH,-38.7519,176.3883
Bay of Plenty,CWH,-38.8744,176.3694
Canterbury,CDL,-43.6738,172.6562
Hawke's Bay,WWL,-38.9479,177.0616
Hawke's Bay,WWL,-38.8901,177.5221
Waikato,WWL,-37.3017,174.7586
Waikato,WWL,-37.8706,175.1408
Waikato,CWH,-38.8911,175.6
Waikato,CWH,-38.4583,175.7339
Waikato,WWL,-38.3376,175.1695
Waikato,WWL,-38.5216,174.9064
Waikato,WWL,-37.9765,175.2667
Waikato,WWL,-37.2471,175.1848
Waikato,WDL,-37.5597,175.243
Waikato,WWL,-37.4822,175.2394
Waikato,WWL,-37.3125,174.9524
Waikato,WWL,-38.0427,174.9333
Waikato,WWL,-38.0301,175.2935
Waikato,WWL,-38.2641,174.8447
Waikato,CWL,-38.9921,175.7881
Waikato,CWLk,-38.4872,176.3065
Waikato,WWL,-37.7326,174.9682
Waikato,CWH,-38.455,176.3275
Waikato,CWH,-38.4533,175.4448
Waikato,WWL,-37.2575,174.925
Waikato,WWL,-37.3355,175.2358
Waikato,WWLk,-37.4453,175.088
Waikato,CWH,-38.3031,176.2652
Waikato,WWLk,-37.3063,175.0871
Auckland,WWL,-36.737,174.6194
Otago,CDL,-45.8985,169.2352
Waikato,CWH,-38.9792,175.77440000000001
Manawatū-Whanganui,WDL,-40.6219,175.2473
Nelson,CWL,-41.3115,173.2922
Tasman,CXM,-41.0297,172.7982
Waikato,WWL,-37.1983,175.1329
Gisborne,WDL,-38.6707,178.0317
Hawke's Bay,WDL,-39.693,176.794
Hawke's Bay,CWH,-38.9504,176.5242
Hawke's Bay,CWH,-39.073,177.1293
West Coast,CXL,-43.2042,170.2665
Manawatū-Whanganui,CWM,-39.4661,175.5755
Waikato,CWH,-38.6428,175.9276
Gisborne,WWL,-38.0529,178.305
West Coast,CXL,-42.556,171.4607
Marlborough,CWM,-41.7001,173.1833
West Coast,CXL,-42.5525,171.4551
Manawatū-Whanganui,CXM,-39.1145,175.4582
