Region,Indicator,Year,Total_MedVal,Units,Water_Categ
Auckland,E.coli,2005,42,cfu/100ml,Groundwater Quality
Auckland,E.coli,2006,891,cfu/100ml,Groundwater Quality
Auckland,E.coli,2007,7550,cfu/100ml,Groundwater Quality
Auckland,E.coli,2008,408,cfu/100ml,Groundwater Quality
Auckland,E.coli,2009,230,cfu/100ml,Groundwater Quality
Auckland,E.coli,2010,116,cfu/100ml,Groundwater Quality
Auckland,E.coli,2011,172,cfu/100ml,Groundwater Quality
Auckland,E.coli,2012,49.6,cfu/100ml,Groundwater Quality
Auckland,E.coli,2013,150.9,cfu/100ml,Groundwater Quality
Auckland,E.coli,2014,582.4,cfu/100ml,Groundwater Quality
Auckland,E.coli,2015,232.7,cfu/100ml,Groundwater Quality
Auckland,E.coli,2016,665.1,cfu/100ml,Groundwater Quality
Auckland,E.coli,2017,320,cfu/100ml,Groundwater Quality
Auckland,E.coli,2018,761,cfu/100ml,Groundwater Quality
Auckland,E.coli,2019,1626,cfu/100ml,Groundwater Quality
Auckland,Nitrate-nitrite nitrogen,2004,57.56,g/m3,Groundwater Quality
Auckland,Nitrate-nitrite nitrogen,2005,58.64,g/m3,Groundwater Quality
Auckland,Nitrate-nitrite nitrogen,2006,58.85,g/m3,Groundwater Quality
Auckland,Nitrate-nitrite nitrogen,2007,66.76,g/m3,Groundwater Quality
Auckland,Nitrate-nitrite nitrogen,2008,246.34,g/m3,Groundwater Quality
Auckland,Nitrate-nitrite nitrogen,2009,272.06,g/m3,Groundwater Quality
Auckland,Nitrate-nitrite nitrogen,2010,129.15,g/m3,Groundwater Quality
Auckland,Nitrate-nitrite nitrogen,2011,166.54,g/m3,Groundwater Quality
Auckland,Nitrate-nitrite nitrogen,2012,320.24,g/m3,Groundwater Quality
Auckland,Nitrate-nitrite nitrogen,2013,188.91,g/m3,Groundwater Quality
Auckland,Nitrate-nitrite nitrogen,2014,293.75,g/m3,Groundwater Quality
Auckland,Nitrate-nitrite nitrogen,2015,406.54,g/m3,Groundwater Quality
Auckland,Nitrate-nitrite nitrogen,2016,360.16,g/m3,Groundwater Quality
Auckland,Nitrate-nitrite nitrogen,2017,397.65,g/m3,Groundwater Quality
Auckland,Nitrate-nitrite nitrogen,2018,389.64,g/m3,Groundwater Quality
Auckland,Nitrate-nitrite nitrogen,2019,365.54,g/m3,Groundwater Quality
Bay of Plenty,E.coli,2015,1,cfu/100ml,Groundwater Quality
Bay of Plenty,E.coli,2016,24.7,cfu/100ml,Groundwater Quality
Bay of Plenty,E.coli,2017,38.8,cfu/100ml,Groundwater Quality
Bay of Plenty,E.coli,2018,16.1,cfu/100ml,Groundwater Quality
Bay of Plenty,E.coli,2019,55.6,cfu/100ml,Groundwater Quality
Bay of Plenty,Nitrate-nitrite nitrogen,2009,3,g/m3,Groundwater Quality
Bay of Plenty,Nitrate-nitrite nitrogen,2010,3.62,g/m3,Groundwater Quality
Bay of Plenty,Nitrate-nitrite nitrogen,2011,3.62,g/m3,Groundwater Quality
Bay of Plenty,Nitrate-nitrite nitrogen,2012,3.16,g/m3,Groundwater Quality
Bay of Plenty,Nitrate-nitrite nitrogen,2013,3.71,g/m3,Groundwater Quality
Bay of Plenty,Nitrate-nitrite nitrogen,2014,2.63,g/m3,Groundwater Quality
Bay of Plenty,Nitrate-nitrite nitrogen,2015,33.22,g/m3,Groundwater Quality
Bay of Plenty,Nitrate-nitrite nitrogen,2016,52.45,g/m3,Groundwater Quality
Bay of Plenty,Nitrate-nitrite nitrogen,2017,60.28,g/m3,Groundwater Quality
Bay of Plenty,Nitrate-nitrite nitrogen,2018,61.36,g/m3,Groundwater Quality
Bay of Plenty,Nitrate-nitrite nitrogen,2019,55.34,g/m3,Groundwater Quality
Canterbury,E.coli,2004,1055,cfu/100ml,Groundwater Quality
Canterbury,E.coli,2005,6409,cfu/100ml,Groundwater Quality
Canterbury,E.coli,2006,5816,cfu/100ml,Groundwater Quality
Canterbury,E.coli,2007,3131,cfu/100ml,Groundwater Quality
Canterbury,E.coli,2008,7234,cfu/100ml,Groundwater Quality
Canterbury,E.coli,2009,5315,cfu/100ml,Groundwater Quality
Canterbury,E.coli,2010,1738,cfu/100ml,Groundwater Quality
Canterbury,E.coli,2011,6368,cfu/100ml,Groundwater Quality
Canterbury,E.coli,2012,1452,cfu/100ml,Groundwater Quality
Canterbury,E.coli,2013,4692,cfu/100ml,Groundwater Quality
Canterbury,E.coli,2014,2710,cfu/100ml,Groundwater Quality
Canterbury,E.coli,2015,3910,cfu/100ml,Groundwater Quality
Canterbury,E.coli,2016,3066,cfu/100ml,Groundwater Quality
Canterbury,E.coli,2017,9568,cfu/100ml,Groundwater Quality
Canterbury,E.coli,2018,3610,cfu/100ml,Groundwater Quality
Canterbury,E.coli,2019,9845,cfu/100ml,Groundwater Quality
Canterbury,Nitrate-nitrite nitrogen,2004,2265.2,g/m3,Groundwater Quality
Canterbury,Nitrate-nitrite nitrogen,2005,2175.5,g/m3,Groundwater Quality
Canterbury,Nitrate-nitrite nitrogen,2006,3127.77,g/m3,Groundwater Quality
Canterbury,Nitrate-nitrite nitrogen,2007,2712.28,g/m3,Groundwater Quality
Canterbury,Nitrate-nitrite nitrogen,2008,3017.75,g/m3,Groundwater Quality
Canterbury,Nitrate-nitrite nitrogen,2009,3196.61,g/m3,Groundwater Quality
Canterbury,Nitrate-nitrite nitrogen,2010,3443.3,g/m3,Groundwater Quality
Canterbury,Nitrate-nitrite nitrogen,2011,3130.48,g/m3,Groundwater Quality
Canterbury,Nitrate-nitrite nitrogen,2012,3552.89,g/m3,Groundwater Quality
Canterbury,Nitrate-nitrite nitrogen,2013,3614.54,g/m3,Groundwater Quality
Canterbury,Nitrate-nitrite nitrogen,2014,3791.86,g/m3,Groundwater Quality
Canterbury,Nitrate-nitrite nitrogen,2015,3245.4,g/m3,Groundwater Quality
Canterbury,Nitrate-nitrite nitrogen,2016,3396.48,g/m3,Groundwater Quality
Canterbury,Nitrate-nitrite nitrogen,2017,3765.01,g/m3,Groundwater Quality
Canterbury,Nitrate-nitrite nitrogen,2018,3749.8,g/m3,Groundwater Quality
Canterbury,Nitrate-nitrite nitrogen,2019,4159.47,g/m3,Groundwater Quality
Gisborne,E.coli,2004,1092,cfu/100ml,Groundwater Quality
Gisborne,E.coli,2005,1,cfu/100ml,Groundwater Quality
Gisborne,E.coli,2011,228,cfu/100ml,Groundwater Quality
Gisborne,E.coli,2012,2833,cfu/100ml,Groundwater Quality
Gisborne,E.coli,2013,1097,cfu/100ml,Groundwater Quality
Gisborne,E.coli,2014,388,cfu/100ml,Groundwater Quality
Gisborne,E.coli,2015,425.1,cfu/100ml,Groundwater Quality
Gisborne,E.coli,2016,264.6,cfu/100ml,Groundwater Quality
Gisborne,E.coli,2017,3340.3,cfu/100ml,Groundwater Quality
Gisborne,E.coli,2018,216.6,cfu/100ml,Groundwater Quality
Gisborne,E.coli,2019,1268.9,cfu/100ml,Groundwater Quality
Gisborne,Nitrate-nitrite nitrogen,2004,7.92,g/m3,Groundwater Quality
Gisborne,Nitrate-nitrite nitrogen,2005,10.94,g/m3,Groundwater Quality
Gisborne,Nitrate-nitrite nitrogen,2006,6.88,g/m3,Groundwater Quality
Gisborne,Nitrate-nitrite nitrogen,2007,11.92,g/m3,Groundwater Quality
Gisborne,Nitrate-nitrite nitrogen,2008,10.05,g/m3,Groundwater Quality
Gisborne,Nitrate-nitrite nitrogen,2009,15.48,g/m3,Groundwater Quality
Gisborne,Nitrate-nitrite nitrogen,2010,27.06,g/m3,Groundwater Quality
Gisborne,Nitrate-nitrite nitrogen,2011,20.78,g/m3,Groundwater Quality
Gisborne,Nitrate-nitrite nitrogen,2012,12.89,g/m3,Groundwater Quality
Gisborne,Nitrate-nitrite nitrogen,2013,19.32,g/m3,Groundwater Quality
Gisborne,Nitrate-nitrite nitrogen,2014,32.42,g/m3,Groundwater Quality
Gisborne,Nitrate-nitrite nitrogen,2015,5.72,g/m3,Groundwater Quality
Gisborne,Nitrate-nitrite nitrogen,2016,34.21,g/m3,Groundwater Quality
Gisborne,Nitrate-nitrite nitrogen,2017,59.53,g/m3,Groundwater Quality
Gisborne,Nitrate-nitrite nitrogen,2018,25.74,g/m3,Groundwater Quality
Gisborne,Nitrate-nitrite nitrogen,2019,34.61,g/m3,Groundwater Quality
Hawkes Bay,E.coli,2005,168,cfu/100ml,Groundwater Quality
Hawkes Bay,E.coli,2006,126,cfu/100ml,Groundwater Quality
Hawkes Bay,E.coli,2007,86,cfu/100ml,Groundwater Quality
Hawkes Bay,E.coli,2008,105,cfu/100ml,Groundwater Quality
Hawkes Bay,E.coli,2009,80,cfu/100ml,Groundwater Quality
Hawkes Bay,E.coli,2010,97,cfu/100ml,Groundwater Quality
Hawkes Bay,E.coli,2011,92,cfu/100ml,Groundwater Quality
Hawkes Bay,E.coli,2012,96,cfu/100ml,Groundwater Quality
Hawkes Bay,E.coli,2013,51,cfu/100ml,Groundwater Quality
Hawkes Bay,E.coli,2014,159,cfu/100ml,Groundwater Quality
Hawkes Bay,E.coli,2015,395,cfu/100ml,Groundwater Quality
Hawkes Bay,E.coli,2016,1980,cfu/100ml,Groundwater Quality
Hawkes Bay,E.coli,2017,320,cfu/100ml,Groundwater Quality
Hawkes Bay,E.coli,2018,301,cfu/100ml,Groundwater Quality
Hawkes Bay,E.coli,2019,256,cfu/100ml,Groundwater Quality
Hawkes Bay,Nitrate-nitrite nitrogen,2004,0.05,g/m3,Groundwater Quality
Hawkes Bay,Nitrate-nitrite nitrogen,2005,64.15,g/m3,Groundwater Quality
Hawkes Bay,Nitrate-nitrite nitrogen,2006,92.75,g/m3,Groundwater Quality
Hawkes Bay,Nitrate-nitrite nitrogen,2007,80,g/m3,Groundwater Quality
Hawkes Bay,Nitrate-nitrite nitrogen,2008,60.51,g/m3,Groundwater Quality
Hawkes Bay,Nitrate-nitrite nitrogen,2009,81.83,g/m3,Groundwater Quality
Hawkes Bay,Nitrate-nitrite nitrogen,2010,116.32,g/m3,Groundwater Quality
Hawkes Bay,Nitrate-nitrite nitrogen,2011,103.57,g/m3,Groundwater Quality
Hawkes Bay,Nitrate-nitrite nitrogen,2012,109.61,g/m3,Groundwater Quality
Hawkes Bay,Nitrate-nitrite nitrogen,2013,132.82,g/m3,Groundwater Quality
Hawkes Bay,Nitrate-nitrite nitrogen,2014,379.86,g/m3,Groundwater Quality
Hawkes Bay,Nitrate-nitrite nitrogen,2015,424.92,g/m3,Groundwater Quality
Hawkes Bay,Nitrate-nitrite nitrogen,2016,395.16,g/m3,Groundwater Quality
Hawkes Bay,Nitrate-nitrite nitrogen,2017,720.28,g/m3,Groundwater Quality
Hawkes Bay,Nitrate-nitrite nitrogen,2018,772.84,g/m3,Groundwater Quality
Hawkes Bay,Nitrate-nitrite nitrogen,2019,723.13,g/m3,Groundwater Quality
Manawatu-Whanganui,E.coli,2005,170,cfu/100ml,Groundwater Quality
Manawatu-Whanganui,E.coli,2007,9,cfu/100ml,Groundwater Quality
Manawatu-Whanganui,E.coli,2008,72,cfu/100ml,Groundwater Quality
Manawatu-Whanganui,E.coli,2009,12,cfu/100ml,Groundwater Quality
Manawatu-Whanganui,E.coli,2010,28,cfu/100ml,Groundwater Quality
Manawatu-Whanganui,E.coli,2011,21.1,cfu/100ml,Groundwater Quality
Manawatu-Whanganui,E.coli,2012,27,cfu/100ml,Groundwater Quality
Manawatu-Whanganui,E.coli,2013,96,cfu/100ml,Groundwater Quality
Manawatu-Whanganui,E.coli,2014,148.4,cfu/100ml,Groundwater Quality
Manawatu-Whanganui,E.coli,2015,148,cfu/100ml,Groundwater Quality
Manawatu-Whanganui,E.coli,2016,646,cfu/100ml,Groundwater Quality
Manawatu-Whanganui,E.coli,2017,149,cfu/100ml,Groundwater Quality
Manawatu-Whanganui,E.coli,2018,176,cfu/100ml,Groundwater Quality
Manawatu-Whanganui,E.coli,2019,291,cfu/100ml,Groundwater Quality
Manawatu-Whanganui,Nitrate-nitrite nitrogen,2005,195.35,g/m3,Groundwater Quality
Manawatu-Whanganui,Nitrate-nitrite nitrogen,2006,188.08,g/m3,Groundwater Quality
Manawatu-Whanganui,Nitrate-nitrite nitrogen,2007,314.49,g/m3,Groundwater Quality
Manawatu-Whanganui,Nitrate-nitrite nitrogen,2008,244.62,g/m3,Groundwater Quality
Manawatu-Whanganui,Nitrate-nitrite nitrogen,2009,306.34,g/m3,Groundwater Quality
Manawatu-Whanganui,Nitrate-nitrite nitrogen,2010,250.59,g/m3,Groundwater Quality
Manawatu-Whanganui,Nitrate-nitrite nitrogen,2011,215.79,g/m3,Groundwater Quality
Manawatu-Whanganui,Nitrate-nitrite nitrogen,2012,288.76,g/m3,Groundwater Quality
Manawatu-Whanganui,Nitrate-nitrite nitrogen,2013,285.25,g/m3,Groundwater Quality
Manawatu-Whanganui,Nitrate-nitrite nitrogen,2014,297.59,g/m3,Groundwater Quality
Manawatu-Whanganui,Nitrate-nitrite nitrogen,2015,507.44,g/m3,Groundwater Quality
Manawatu-Whanganui,Nitrate-nitrite nitrogen,2016,479.69,g/m3,Groundwater Quality
Manawatu-Whanganui,Nitrate-nitrite nitrogen,2017,492.68,g/m3,Groundwater Quality
Manawatu-Whanganui,Nitrate-nitrite nitrogen,2018,519,g/m3,Groundwater Quality
Manawatu-Whanganui,Nitrate-nitrite nitrogen,2019,585.72,g/m3,Groundwater Quality
Marlborough,E.coli,2005,37,cfu/100ml,Groundwater Quality
Marlborough,E.coli,2006,7,cfu/100ml,Groundwater Quality
Marlborough,E.coli,2008,27,cfu/100ml,Groundwater Quality
Marlborough,E.coli,2009,9,cfu/100ml,Groundwater Quality
Marlborough,E.coli,2010,9,cfu/100ml,Groundwater Quality
Marlborough,E.coli,2011,9,cfu/100ml,Groundwater Quality
Marlborough,E.coli,2012,48,cfu/100ml,Groundwater Quality
Marlborough,E.coli,2013,14,cfu/100ml,Groundwater Quality
Marlborough,E.coli,2014,9,cfu/100ml,Groundwater Quality
Marlborough,E.coli,2015,12,cfu/100ml,Groundwater Quality
Marlborough,E.coli,2016,9,cfu/100ml,Groundwater Quality
Marlborough,E.coli,2017,9,cfu/100ml,Groundwater Quality
Marlborough,E.coli,2018,11,cfu/100ml,Groundwater Quality
Marlborough,E.coli,2019,2,cfu/100ml,Groundwater Quality
Marlborough,Nitrate-nitrite nitrogen,2004,23.26,g/m3,Groundwater Quality
Marlborough,Nitrate-nitrite nitrogen,2005,82.25,g/m3,Groundwater Quality
Marlborough,Nitrate-nitrite nitrogen,2006,92.49,g/m3,Groundwater Quality
Marlborough,Nitrate-nitrite nitrogen,2007,94.65,g/m3,Groundwater Quality
Marlborough,Nitrate-nitrite nitrogen,2008,111.94,g/m3,Groundwater Quality
Marlborough,Nitrate-nitrite nitrogen,2009,96.81,g/m3,Groundwater Quality
Marlborough,Nitrate-nitrite nitrogen,2010,86.58,g/m3,Groundwater Quality
Marlborough,Nitrate-nitrite nitrogen,2011,60.07,g/m3,Groundwater Quality
Marlborough,Nitrate-nitrite nitrogen,2012,60.89,g/m3,Groundwater Quality
Marlborough,Nitrate-nitrite nitrogen,2013,62.21,g/m3,Groundwater Quality
Marlborough,Nitrate-nitrite nitrogen,2014,65.58,g/m3,Groundwater Quality
Marlborough,Nitrate-nitrite nitrogen,2015,71.49,g/m3,Groundwater Quality
Marlborough,Nitrate-nitrite nitrogen,2016,75.79,g/m3,Groundwater Quality
Marlborough,Nitrate-nitrite nitrogen,2017,79.72,g/m3,Groundwater Quality
Marlborough,Nitrate-nitrite nitrogen,2018,77.5,g/m3,Groundwater Quality
Marlborough,Nitrate-nitrite nitrogen,2019,63.16,g/m3,Groundwater Quality
Northland,E.coli,2004,428,cfu/100ml,Groundwater Quality
Northland,E.coli,2005,1538,cfu/100ml,Groundwater Quality
Northland,E.coli,2006,1483,cfu/100ml,Groundwater Quality
Northland,E.coli,2007,6091,cfu/100ml,Groundwater Quality
Northland,E.coli,2008,3360,cfu/100ml,Groundwater Quality
Northland,E.coli,2009,1013,cfu/100ml,Groundwater Quality
Northland,E.coli,2010,626,cfu/100ml,Groundwater Quality
Northland,E.coli,2011,7068,cfu/100ml,Groundwater Quality
Northland,E.coli,2012,3223,cfu/100ml,Groundwater Quality
Northland,E.coli,2013,2772,cfu/100ml,Groundwater Quality
Northland,E.coli,2014,3156,cfu/100ml,Groundwater Quality
Northland,E.coli,2015,3190,cfu/100ml,Groundwater Quality
Northland,E.coli,2016,3821,cfu/100ml,Groundwater Quality
Northland,E.coli,2017,1347,cfu/100ml,Groundwater Quality
Northland,E.coli,2018,20456.4,cfu/100ml,Groundwater Quality
Northland,E.coli,2019,25353,cfu/100ml,Groundwater Quality
Northland,Nitrate-nitrite nitrogen,2004,183.81,g/m3,Groundwater Quality
Northland,Nitrate-nitrite nitrogen,2005,218.85,g/m3,Groundwater Quality
Northland,Nitrate-nitrite nitrogen,2006,239.77,g/m3,Groundwater Quality
Northland,Nitrate-nitrite nitrogen,2007,253.04,g/m3,Groundwater Quality
Northland,Nitrate-nitrite nitrogen,2008,277.56,g/m3,Groundwater Quality
Northland,Nitrate-nitrite nitrogen,2009,300.65,g/m3,Groundwater Quality
Northland,Nitrate-nitrite nitrogen,2010,309.56,g/m3,Groundwater Quality
Northland,Nitrate-nitrite nitrogen,2011,311.64,g/m3,Groundwater Quality
Northland,Nitrate-nitrite nitrogen,2012,312.27,g/m3,Groundwater Quality
Northland,Nitrate-nitrite nitrogen,2013,301.99,g/m3,Groundwater Quality
Northland,Nitrate-nitrite nitrogen,2014,289.55,g/m3,Groundwater Quality
Northland,Nitrate-nitrite nitrogen,2015,277.48,g/m3,Groundwater Quality
Northland,Nitrate-nitrite nitrogen,2016,298.31,g/m3,Groundwater Quality
Northland,Nitrate-nitrite nitrogen,2017,277.73,g/m3,Groundwater Quality
Northland,Nitrate-nitrite nitrogen,2018,270.59,g/m3,Groundwater Quality
Northland,Nitrate-nitrite nitrogen,2019,265.77,g/m3,Groundwater Quality
Otago,E.coli,2010,5,cfu/100ml,Groundwater Quality
Otago,E.coli,2011,6488,cfu/100ml,Groundwater Quality
Otago,E.coli,2012,111,cfu/100ml,Groundwater Quality
Otago,E.coli,2013,1190,cfu/100ml,Groundwater Quality
Otago,E.coli,2014,104.1,cfu/100ml,Groundwater Quality
Otago,E.coli,2015,198.1,cfu/100ml,Groundwater Quality
Otago,E.coli,2016,359.5,cfu/100ml,Groundwater Quality
Otago,E.coli,2017,375.7,cfu/100ml,Groundwater Quality
Otago,E.coli,2018,816,cfu/100ml,Groundwater Quality
Otago,E.coli,2019,294,cfu/100ml,Groundwater Quality
Otago,Nitrate-nitrite nitrogen,2004,20.3,g/m3,Groundwater Quality
Otago,Nitrate-nitrite nitrogen,2005,13.92,g/m3,Groundwater Quality
Otago,Nitrate-nitrite nitrogen,2006,16.9,g/m3,Groundwater Quality
Otago,Nitrate-nitrite nitrogen,2007,10.77,g/m3,Groundwater Quality
Otago,Nitrate-nitrite nitrogen,2008,0.46,g/m3,Groundwater Quality
Otago,Nitrate-nitrite nitrogen,2010,0.12,g/m3,Groundwater Quality
Otago,Nitrate-nitrite nitrogen,2014,299.83,g/m3,Groundwater Quality
Otago,Nitrate-nitrite nitrogen,2015,311.21,g/m3,Groundwater Quality
Otago,Nitrate-nitrite nitrogen,2016,270.55,g/m3,Groundwater Quality
Otago,Nitrate-nitrite nitrogen,2017,340.12,g/m3,Groundwater Quality
Otago,Nitrate-nitrite nitrogen,2018,605.68,g/m3,Groundwater Quality
Otago,Nitrate-nitrite nitrogen,2019,573.29,g/m3,Groundwater Quality
Southland,E.coli,2004,159,cfu/100ml,Groundwater Quality
Southland,E.coli,2005,2517,cfu/100ml,Groundwater Quality
Southland,E.coli,2006,178,cfu/100ml,Groundwater Quality
Southland,E.coli,2007,164,cfu/100ml,Groundwater Quality
Southland,E.coli,2008,1008,cfu/100ml,Groundwater Quality
Southland,E.coli,2009,142,cfu/100ml,Groundwater Quality
Southland,E.coli,2010,2134,cfu/100ml,Groundwater Quality
Southland,E.coli,2011,2648,cfu/100ml,Groundwater Quality
Southland,E.coli,2012,1163,cfu/100ml,Groundwater Quality
Southland,E.coli,2013,1333,cfu/100ml,Groundwater Quality
Southland,E.coli,2014,3701,cfu/100ml,Groundwater Quality
Southland,E.coli,2015,742,cfu/100ml,Groundwater Quality
Southland,E.coli,2016,2649,cfu/100ml,Groundwater Quality
Southland,E.coli,2017,187,cfu/100ml,Groundwater Quality
Southland,E.coli,2018,401,cfu/100ml,Groundwater Quality
Southland,E.coli,2019,432,cfu/100ml,Groundwater Quality
Southland,Nitrate-nitrite nitrogen,2004,392.21,g/m3,Groundwater Quality
Southland,Nitrate-nitrite nitrogen,2005,451.75,g/m3,Groundwater Quality
Southland,Nitrate-nitrite nitrogen,2006,405.19,g/m3,Groundwater Quality
Southland,Nitrate-nitrite nitrogen,2007,494.55,g/m3,Groundwater Quality
Southland,Nitrate-nitrite nitrogen,2008,618.61,g/m3,Groundwater Quality
Southland,Nitrate-nitrite nitrogen,2009,710.4,g/m3,Groundwater Quality
Southland,Nitrate-nitrite nitrogen,2010,773.74,g/m3,Groundwater Quality
Southland,Nitrate-nitrite nitrogen,2011,701.18,g/m3,Groundwater Quality
Southland,Nitrate-nitrite nitrogen,2012,611.93,g/m3,Groundwater Quality
Southland,Nitrate-nitrite nitrogen,2013,590.09,g/m3,Groundwater Quality
Southland,Nitrate-nitrite nitrogen,2014,557.79,g/m3,Groundwater Quality
Southland,Nitrate-nitrite nitrogen,2015,509.75,g/m3,Groundwater Quality
Southland,Nitrate-nitrite nitrogen,2016,520.26,g/m3,Groundwater Quality
Southland,Nitrate-nitrite nitrogen,2017,569.38,g/m3,Groundwater Quality
Southland,Nitrate-nitrite nitrogen,2018,644.58,g/m3,Groundwater Quality
Southland,Nitrate-nitrite nitrogen,2019,841.92,g/m3,Groundwater Quality
Taranaki,E.coli,2004,12,cfu/100ml,Groundwater Quality
Taranaki,E.coli,2006,200,cfu/100ml,Groundwater Quality
Taranaki,E.coli,2007,1083,cfu/100ml,Groundwater Quality
Taranaki,E.coli,2011,27,cfu/100ml,Groundwater Quality
Taranaki,E.coli,2012,245,cfu/100ml,Groundwater Quality
Taranaki,E.coli,2013,53,cfu/100ml,Groundwater Quality
Taranaki,E.coli,2014,350,cfu/100ml,Groundwater Quality
Taranaki,E.coli,2015,735,cfu/100ml,Groundwater Quality
Taranaki,E.coli,2016,714,cfu/100ml,Groundwater Quality
Taranaki,E.coli,2017,9188.6,cfu/100ml,Groundwater Quality
Taranaki,E.coli,2018,320,cfu/100ml,Groundwater Quality
Taranaki,E.coli,2019,4319,cfu/100ml,Groundwater Quality
Taranaki,Nitrate-nitrite nitrogen,2004,79.85,g/m3,Groundwater Quality
Taranaki,Nitrate-nitrite nitrogen,2005,40.43,g/m3,Groundwater Quality
Taranaki,Nitrate-nitrite nitrogen,2006,150.92,g/m3,Groundwater Quality
Taranaki,Nitrate-nitrite nitrogen,2007,165.55,g/m3,Groundwater Quality
Taranaki,Nitrate-nitrite nitrogen,2008,16.05,g/m3,Groundwater Quality
Taranaki,Nitrate-nitrite nitrogen,2009,55.75,g/m3,Groundwater Quality
Taranaki,Nitrate-nitrite nitrogen,2010,13.11,g/m3,Groundwater Quality
Taranaki,Nitrate-nitrite nitrogen,2011,68.63,g/m3,Groundwater Quality
Taranaki,Nitrate-nitrite nitrogen,2012,206.1,g/m3,Groundwater Quality
Taranaki,Nitrate-nitrite nitrogen,2013,103.04,g/m3,Groundwater Quality
Taranaki,Nitrate-nitrite nitrogen,2014,335.95,g/m3,Groundwater Quality
Taranaki,Nitrate-nitrite nitrogen,2015,467.1,g/m3,Groundwater Quality
Taranaki,Nitrate-nitrite nitrogen,2016,347.55,g/m3,Groundwater Quality
Taranaki,Nitrate-nitrite nitrogen,2017,398.56,g/m3,Groundwater Quality
Taranaki,Nitrate-nitrite nitrogen,2018,428.69,g/m3,Groundwater Quality
Taranaki,Nitrate-nitrite nitrogen,2019,456.13,g/m3,Groundwater Quality
Tasman,E.coli,2016,5,cfu/100ml,Groundwater Quality
Tasman,Nitrate-nitrite nitrogen,2004,223.59,g/m3,Groundwater Quality
Tasman,Nitrate-nitrite nitrogen,2005,178.96,g/m3,Groundwater Quality
Tasman,Nitrate-nitrite nitrogen,2006,213.08,g/m3,Groundwater Quality
Tasman,Nitrate-nitrite nitrogen,2007,203.53,g/m3,Groundwater Quality
Tasman,Nitrate-nitrite nitrogen,2008,198.95,g/m3,Groundwater Quality
Tasman,Nitrate-nitrite nitrogen,2009,206.37,g/m3,Groundwater Quality
Tasman,Nitrate-nitrite nitrogen,2010,212.77,g/m3,Groundwater Quality
Tasman,Nitrate-nitrite nitrogen,2011,221.04,g/m3,Groundwater Quality
Tasman,Nitrate-nitrite nitrogen,2012,193.88,g/m3,Groundwater Quality
Tasman,Nitrate-nitrite nitrogen,2013,172.53,g/m3,Groundwater Quality
Tasman,Nitrate-nitrite nitrogen,2014,171.57,g/m3,Groundwater Quality
Tasman,Nitrate-nitrite nitrogen,2015,182.6,g/m3,Groundwater Quality
Tasman,Nitrate-nitrite nitrogen,2016,244.1,g/m3,Groundwater Quality
Tasman,Nitrate-nitrite nitrogen,2017,211.1,g/m3,Groundwater Quality
Tasman,Nitrate-nitrite nitrogen,2018,267.48,g/m3,Groundwater Quality
Tasman,Nitrate-nitrite nitrogen,2019,271.2,g/m3,Groundwater Quality
Waikato,Nitrate-nitrite nitrogen,2004,1166.89,g/m3,Groundwater Quality
Waikato,Nitrate-nitrite nitrogen,2005,1039.07,g/m3,Groundwater Quality
Waikato,Nitrate-nitrite nitrogen,2006,1054.58,g/m3,Groundwater Quality
Waikato,Nitrate-nitrite nitrogen,2007,1084.12,g/m3,Groundwater Quality
Waikato,Nitrate-nitrite nitrogen,2008,1241.7,g/m3,Groundwater Quality
Waikato,Nitrate-nitrite nitrogen,2009,1253.69,g/m3,Groundwater Quality
Waikato,Nitrate-nitrite nitrogen,2010,1175.49,g/m3,Groundwater Quality
Waikato,Nitrate-nitrite nitrogen,2011,1131.95,g/m3,Groundwater Quality
Waikato,Nitrate-nitrite nitrogen,2012,1136.22,g/m3,Groundwater Quality
Waikato,Nitrate-nitrite nitrogen,2013,1147.63,g/m3,Groundwater Quality
Waikato,Nitrate-nitrite nitrogen,2014,1175.34,g/m3,Groundwater Quality
Waikato,Nitrate-nitrite nitrogen,2015,1190.47,g/m3,Groundwater Quality
Waikato,Nitrate-nitrite nitrogen,2016,1202.75,g/m3,Groundwater Quality
Waikato,Nitrate-nitrite nitrogen,2017,1195.85,g/m3,Groundwater Quality
Waikato,Nitrate-nitrite nitrogen,2018,1327.66,g/m3,Groundwater Quality
Waikato,Nitrate-nitrite nitrogen,2019,638.75,g/m3,Groundwater Quality
Wellington,E.coli,2004,236,cfu/100ml,Groundwater Quality
Wellington,E.coli,2005,721,cfu/100ml,Groundwater Quality
Wellington,E.coli,2006,327,cfu/100ml,Groundwater Quality
Wellington,E.coli,2007,1914,cfu/100ml,Groundwater Quality
Wellington,E.coli,2008,256,cfu/100ml,Groundwater Quality
Wellington,E.coli,2009,275,cfu/100ml,Groundwater Quality
Wellington,E.coli,2010,261,cfu/100ml,Groundwater Quality
Wellington,E.coli,2011,564,cfu/100ml,Groundwater Quality
Wellington,E.coli,2012,311,cfu/100ml,Groundwater Quality
Wellington,E.coli,2013,265,cfu/100ml,Groundwater Quality
Wellington,E.coli,2014,274,cfu/100ml,Groundwater Quality
Wellington,E.coli,2015,351,cfu/100ml,Groundwater Quality
Wellington,E.coli,2016,216,cfu/100ml,Groundwater Quality
Wellington,E.coli,2017,449,cfu/100ml,Groundwater Quality
Wellington,E.coli,2018,859,cfu/100ml,Groundwater Quality
Wellington,E.coli,2019,302,cfu/100ml,Groundwater Quality
Wellington,Nitrate-nitrite nitrogen,2004,498.82,g/m3,Groundwater Quality
Wellington,Nitrate-nitrite nitrogen,2005,563.01,g/m3,Groundwater Quality
Wellington,Nitrate-nitrite nitrogen,2006,606.92,g/m3,Groundwater Quality
Wellington,Nitrate-nitrite nitrogen,2007,504.56,g/m3,Groundwater Quality
Wellington,Nitrate-nitrite nitrogen,2008,547.37,g/m3,Groundwater Quality
Wellington,Nitrate-nitrite nitrogen,2009,511.26,g/m3,Groundwater Quality
Wellington,Nitrate-nitrite nitrogen,2010,496.91,g/m3,Groundwater Quality
Wellington,Nitrate-nitrite nitrogen,2011,498.51,g/m3,Groundwater Quality
Wellington,Nitrate-nitrite nitrogen,2012,460.64,g/m3,Groundwater Quality
Wellington,Nitrate-nitrite nitrogen,2013,462.85,g/m3,Groundwater Quality
Wellington,Nitrate-nitrite nitrogen,2014,464.42,g/m3,Groundwater Quality
Wellington,Nitrate-nitrite nitrogen,2015,434.13,g/m3,Groundwater Quality
Wellington,Nitrate-nitrite nitrogen,2016,410.08,g/m3,Groundwater Quality
Wellington,Nitrate-nitrite nitrogen,2017,391.7,g/m3,Groundwater Quality
Wellington,Nitrate-nitrite nitrogen,2018,437.89,g/m3,Groundwater Quality
Wellington,Nitrate-nitrite nitrogen,2019,492.25,g/m3,Groundwater Quality
West Coast,E.coli,2004,17,cfu/100ml,Groundwater Quality
West Coast,E.coli,2005,44,cfu/100ml,Groundwater Quality
West Coast,E.coli,2006,53,cfu/100ml,Groundwater Quality
West Coast,E.coli,2007,50,cfu/100ml,Groundwater Quality
West Coast,E.coli,2008,63,cfu/100ml,Groundwater Quality
West Coast,E.coli,2009,64,cfu/100ml,Groundwater Quality
West Coast,E.coli,2010,73,cfu/100ml,Groundwater Quality
West Coast,E.coli,2011,215,cfu/100ml,Groundwater Quality
West Coast,E.coli,2012,120,cfu/100ml,Groundwater Quality
West Coast,E.coli,2013,1098,cfu/100ml,Groundwater Quality
West Coast,E.coli,2014,553,cfu/100ml,Groundwater Quality
West Coast,E.coli,2015,237,cfu/100ml,Groundwater Quality
West Coast,E.coli,2016,1864,cfu/100ml,Groundwater Quality
West Coast,E.coli,2017,64,cfu/100ml,Groundwater Quality
West Coast,E.coli,2018,208,cfu/100ml,Groundwater Quality
West Coast,E.coli,2019,2012,cfu/100ml,Groundwater Quality
West Coast,Nitrate-nitrite nitrogen,2004,18.87,g/m3,Groundwater Quality
West Coast,Nitrate-nitrite nitrogen,2005,30.94,g/m3,Groundwater Quality
West Coast,Nitrate-nitrite nitrogen,2006,55.31,g/m3,Groundwater Quality
West Coast,Nitrate-nitrite nitrogen,2007,114,g/m3,Groundwater Quality
West Coast,Nitrate-nitrite nitrogen,2008,96.71,g/m3,Groundwater Quality
West Coast,Nitrate-nitrite nitrogen,2009,84.72,g/m3,Groundwater Quality
West Coast,Nitrate-nitrite nitrogen,2010,141.06,g/m3,Groundwater Quality
West Coast,Nitrate-nitrite nitrogen,2011,203.12,g/m3,Groundwater Quality
West Coast,Nitrate-nitrite nitrogen,2012,182.01,g/m3,Groundwater Quality
West Coast,Nitrate-nitrite nitrogen,2013,197.12,g/m3,Groundwater Quality
West Coast,Nitrate-nitrite nitrogen,2014,259.31,g/m3,Groundwater Quality
West Coast,Nitrate-nitrite nitrogen,2015,242.66,g/m3,Groundwater Quality
West Coast,Nitrate-nitrite nitrogen,2016,194.41,g/m3,Groundwater Quality
West Coast,Nitrate-nitrite nitrogen,2017,164.65,g/m3,Groundwater Quality
West Coast,Nitrate-nitrite nitrogen,2018,204.49,g/m3,Groundwater Quality
West Coast,Nitrate-nitrite nitrogen,2019,220.25,g/m3,Groundwater Quality
Auckland,Ammoniacal nitrogen,2002,0.77,g/m3,River Quality
Auckland,Ammoniacal nitrogen,2003,0.88,g/m3,River Quality
Auckland,Ammoniacal nitrogen,2004,0.92,g/m3,River Quality
Auckland,Ammoniacal nitrogen,2005,0.99,g/m3,River Quality
Auckland,Ammoniacal nitrogen,2006,0.97,g/m3,River Quality
Auckland,Ammoniacal nitrogen,2007,0.94,g/m3,River Quality
Auckland,Ammoniacal nitrogen,2008,0.93,g/m3,River Quality
Auckland,Ammoniacal nitrogen,2009,0.86,g/m3,River Quality
Auckland,Ammoniacal nitrogen,2010,0.87,g/m3,River Quality
Auckland,Ammoniacal nitrogen,2011,0.83,g/m3,River Quality
Auckland,Ammoniacal nitrogen,2012,0.87,g/m3,River Quality
Auckland,Ammoniacal nitrogen,2013,0.83,g/m3,River Quality
Auckland,Ammoniacal nitrogen,2014,0.8,g/m3,River Quality
Auckland,Ammoniacal nitrogen,2015,0.79,g/m3,River Quality
Auckland,Ammoniacal nitrogen,2016,0.71,g/m3,River Quality
Auckland,Ammoniacal nitrogen,2017,0.73,g/m3,River Quality
Auckland,Ammoniacal nitrogen,2018,0.82,g/m3,River Quality
Auckland,Ammoniacal nitrogen,2019,0.83,g/m3,River Quality
Auckland,Nitrate-nitrite nitrogen,2002,8.14,g/m3,River Quality
Auckland,Nitrate-nitrite nitrogen,2003,10.7,g/m3,River Quality
Auckland,Nitrate-nitrite nitrogen,2004,10.7,g/m3,River Quality
Auckland,Nitrate-nitrite nitrogen,2005,10.83,g/m3,River Quality
Auckland,Nitrate-nitrite nitrogen,2006,10.26,g/m3,River Quality
Auckland,Nitrate-nitrite nitrogen,2007,9.85,g/m3,River Quality
Auckland,Nitrate-nitrite nitrogen,2008,9.77,g/m3,River Quality
Auckland,Nitrate-nitrite nitrogen,2009,9.17,g/m3,River Quality
Auckland,Nitrate-nitrite nitrogen,2010,9.07,g/m3,River Quality
Auckland,Nitrate-nitrite nitrogen,2011,8.7,g/m3,River Quality
Auckland,Nitrate-nitrite nitrogen,2012,8.94,g/m3,River Quality
Auckland,Nitrate-nitrite nitrogen,2013,8.82,g/m3,River Quality
Auckland,Nitrate-nitrite nitrogen,2014,8.62,g/m3,River Quality
Auckland,Nitrate-nitrite nitrogen,2015,8.46,g/m3,River Quality
Auckland,Nitrate-nitrite nitrogen,2016,7.21,g/m3,River Quality
Auckland,Nitrate-nitrite nitrogen,2017,7.26,g/m3,River Quality
Auckland,Nitrate-nitrite nitrogen,2018,24.08,g/m3,River Quality
Auckland,Nitrate-nitrite nitrogen,2019,24,g/m3,River Quality
Bay of Plenty,Ammoniacal nitrogen,2002,0.21,g/m3,River Quality
Bay of Plenty,Ammoniacal nitrogen,2003,0.12,g/m3,River Quality
Bay of Plenty,Ammoniacal nitrogen,2004,0.2,g/m3,River Quality
Bay of Plenty,Ammoniacal nitrogen,2005,0.2,g/m3,River Quality
Bay of Plenty,Ammoniacal nitrogen,2006,0.2,g/m3,River Quality
Bay of Plenty,Ammoniacal nitrogen,2007,0.2,g/m3,River Quality
Bay of Plenty,Ammoniacal nitrogen,2008,0.2,g/m3,River Quality
Bay of Plenty,Ammoniacal nitrogen,2009,0.2,g/m3,River Quality
Bay of Plenty,Ammoniacal nitrogen,2010,0.2,g/m3,River Quality
Bay of Plenty,Ammoniacal nitrogen,2011,0.2,g/m3,River Quality
Bay of Plenty,Ammoniacal nitrogen,2012,0.38,g/m3,River Quality
Bay of Plenty,Ammoniacal nitrogen,2013,0.44,g/m3,River Quality
Bay of Plenty,Ammoniacal nitrogen,2014,0.48,g/m3,River Quality
Bay of Plenty,Ammoniacal nitrogen,2015,0.53,g/m3,River Quality
Bay of Plenty,Ammoniacal nitrogen,2016,0.57,g/m3,River Quality
Bay of Plenty,Ammoniacal nitrogen,2017,0.56,g/m3,River Quality
Bay of Plenty,Ammoniacal nitrogen,2018,0.46,g/m3,River Quality
Bay of Plenty,Ammoniacal nitrogen,2019,0.49,g/m3,River Quality
Bay of Plenty,Nitrate-nitrite nitrogen,2002,3.67,g/m3,River Quality
Bay of Plenty,Nitrate-nitrite nitrogen,2003,3.4,g/m3,River Quality
Bay of Plenty,Nitrate-nitrite nitrogen,2004,3.49,g/m3,River Quality
Bay of Plenty,Nitrate-nitrite nitrogen,2005,3.52,g/m3,River Quality
Bay of Plenty,Nitrate-nitrite nitrogen,2006,3.55,g/m3,River Quality
Bay of Plenty,Nitrate-nitrite nitrogen,2007,3.61,g/m3,River Quality
Bay of Plenty,Nitrate-nitrite nitrogen,2008,3.68,g/m3,River Quality
Bay of Plenty,Nitrate-nitrite nitrogen,2009,3.77,g/m3,River Quality
Bay of Plenty,Nitrate-nitrite nitrogen,2010,3.81,g/m3,River Quality
Bay of Plenty,Nitrate-nitrite nitrogen,2011,3.89,g/m3,River Quality
Bay of Plenty,Nitrate-nitrite nitrogen,2012,6.25,g/m3,River Quality
Bay of Plenty,Nitrate-nitrite nitrogen,2013,8.64,g/m3,River Quality
Bay of Plenty,Nitrate-nitrite nitrogen,2014,8.89,g/m3,River Quality
Bay of Plenty,Nitrate-nitrite nitrogen,2015,10.63,g/m3,River Quality
Bay of Plenty,Nitrate-nitrite nitrogen,2016,11.65,g/m3,River Quality
Bay of Plenty,Nitrate-nitrite nitrogen,2017,11.83,g/m3,River Quality
Bay of Plenty,Nitrate-nitrite nitrogen,2018,9.78,g/m3,River Quality
Bay of Plenty,Nitrate-nitrite nitrogen,2019,11.59,g/m3,River Quality
Canterbury,Ammoniacal nitrogen,2002,0.15,g/m3,River Quality
Canterbury,Ammoniacal nitrogen,2003,0.21,g/m3,River Quality
Canterbury,Ammoniacal nitrogen,2004,0.24,g/m3,River Quality
Canterbury,Ammoniacal nitrogen,2005,0.24,g/m3,River Quality
Canterbury,Ammoniacal nitrogen,2006,0.63,g/m3,River Quality
Canterbury,Ammoniacal nitrogen,2007,0.66,g/m3,River Quality
Canterbury,Ammoniacal nitrogen,2008,0.64,g/m3,River Quality
Canterbury,Ammoniacal nitrogen,2009,0.6,g/m3,River Quality
Canterbury,Ammoniacal nitrogen,2010,0.58,g/m3,River Quality
Canterbury,Ammoniacal nitrogen,2011,0.91,g/m3,River Quality
Canterbury,Ammoniacal nitrogen,2012,0.93,g/m3,River Quality
Canterbury,Ammoniacal nitrogen,2013,1.29,g/m3,River Quality
Canterbury,Ammoniacal nitrogen,2014,1.29,g/m3,River Quality
Canterbury,Ammoniacal nitrogen,2015,1.43,g/m3,River Quality
Canterbury,Ammoniacal nitrogen,2016,2.67,g/m3,River Quality
Canterbury,Ammoniacal nitrogen,2017,3.74,g/m3,River Quality
Canterbury,Ammoniacal nitrogen,2018,3.55,g/m3,River Quality
Canterbury,Ammoniacal nitrogen,2019,3.45,g/m3,River Quality
Canterbury,Nitrate-nitrite nitrogen,2002,13.34,g/m3,River Quality
Canterbury,Nitrate-nitrite nitrogen,2003,20.53,g/m3,River Quality
Canterbury,Nitrate-nitrite nitrogen,2004,20.64,g/m3,River Quality
Canterbury,Nitrate-nitrite nitrogen,2005,20.35,g/m3,River Quality
Canterbury,Nitrate-nitrite nitrogen,2006,26.36,g/m3,River Quality
Canterbury,Nitrate-nitrite nitrogen,2007,26.68,g/m3,River Quality
Canterbury,Nitrate-nitrite nitrogen,2008,27.35,g/m3,River Quality
Canterbury,Nitrate-nitrite nitrogen,2009,28,g/m3,River Quality
Canterbury,Nitrate-nitrite nitrogen,2010,28.1,g/m3,River Quality
Canterbury,Nitrate-nitrite nitrogen,2011,69.04,g/m3,River Quality
Canterbury,Nitrate-nitrite nitrogen,2012,81.35,g/m3,River Quality
Canterbury,Nitrate-nitrite nitrogen,2013,126.56,g/m3,River Quality
Canterbury,Nitrate-nitrite nitrogen,2014,138.99,g/m3,River Quality
Canterbury,Nitrate-nitrite nitrogen,2015,147.04,g/m3,River Quality
Canterbury,Nitrate-nitrite nitrogen,2016,172.12,g/m3,River Quality
Canterbury,Nitrate-nitrite nitrogen,2017,199.15,g/m3,River Quality
Canterbury,Nitrate-nitrite nitrogen,2018,202.49,g/m3,River Quality
Canterbury,Nitrate-nitrite nitrogen,2019,205.82,g/m3,River Quality
Gisborne,Ammoniacal nitrogen,2004,0.02,g/m3,River Quality
Gisborne,Ammoniacal nitrogen,2005,0.02,g/m3,River Quality
Gisborne,Ammoniacal nitrogen,2006,0.02,g/m3,River Quality
Gisborne,Ammoniacal nitrogen,2007,0.02,g/m3,River Quality
Gisborne,Ammoniacal nitrogen,2008,0.02,g/m3,River Quality
Gisborne,Ammoniacal nitrogen,2009,0.02,g/m3,River Quality
Gisborne,Ammoniacal nitrogen,2010,0.02,g/m3,River Quality
Gisborne,Ammoniacal nitrogen,2011,0.02,g/m3,River Quality
Gisborne,Ammoniacal nitrogen,2012,0.02,g/m3,River Quality
Gisborne,Ammoniacal nitrogen,2013,0.59,g/m3,River Quality
Gisborne,Ammoniacal nitrogen,2014,0.59,g/m3,River Quality
Gisborne,Ammoniacal nitrogen,2015,0.64,g/m3,River Quality
Gisborne,Ammoniacal nitrogen,2016,0.66,g/m3,River Quality
Gisborne,Ammoniacal nitrogen,2017,0.67,g/m3,River Quality
Gisborne,Ammoniacal nitrogen,2018,0.66,g/m3,River Quality
Gisborne,Ammoniacal nitrogen,2019,0.64,g/m3,River Quality
Gisborne,Nitrate-nitrite nitrogen,2002,0.3,g/m3,River Quality
Gisborne,Nitrate-nitrite nitrogen,2003,0.36,g/m3,River Quality
Gisborne,Nitrate-nitrite nitrogen,2004,0.38,g/m3,River Quality
Gisborne,Nitrate-nitrite nitrogen,2005,0.37,g/m3,River Quality
Gisborne,Nitrate-nitrite nitrogen,2006,0.38,g/m3,River Quality
Gisborne,Nitrate-nitrite nitrogen,2007,0.38,g/m3,River Quality
Gisborne,Nitrate-nitrite nitrogen,2008,0.39,g/m3,River Quality
Gisborne,Nitrate-nitrite nitrogen,2009,0.39,g/m3,River Quality
Gisborne,Nitrate-nitrite nitrogen,2010,0.4,g/m3,River Quality
Gisborne,Nitrate-nitrite nitrogen,2011,0.36,g/m3,River Quality
Gisborne,Nitrate-nitrite nitrogen,2012,2.67,g/m3,River Quality
Gisborne,Nitrate-nitrite nitrogen,2013,2.52,g/m3,River Quality
Gisborne,Nitrate-nitrite nitrogen,2014,2.51,g/m3,River Quality
Gisborne,Nitrate-nitrite nitrogen,2015,2.31,g/m3,River Quality
Gisborne,Nitrate-nitrite nitrogen,2016,2.17,g/m3,River Quality
Gisborne,Nitrate-nitrite nitrogen,2017,2.85,g/m3,River Quality
Gisborne,Nitrate-nitrite nitrogen,2018,3.01,g/m3,River Quality
Gisborne,Nitrate-nitrite nitrogen,2019,2.95,g/m3,River Quality
Hawke's Bay,Ammoniacal nitrogen,2002,0.08,g/m3,River Quality
Hawke's Bay,Ammoniacal nitrogen,2003,0.14,g/m3,River Quality
Hawke's Bay,Ammoniacal nitrogen,2004,0.44,g/m3,River Quality
Hawke's Bay,Ammoniacal nitrogen,2005,0.41,g/m3,River Quality
Hawke's Bay,Ammoniacal nitrogen,2006,0.3,g/m3,River Quality
Hawke's Bay,Ammoniacal nitrogen,2007,0.28,g/m3,River Quality
Hawke's Bay,Ammoniacal nitrogen,2008,0.3,g/m3,River Quality
Hawke's Bay,Ammoniacal nitrogen,2009,0.3,g/m3,River Quality
Hawke's Bay,Ammoniacal nitrogen,2010,0.32,g/m3,River Quality
Hawke's Bay,Ammoniacal nitrogen,2011,0.28,g/m3,River Quality
Hawke's Bay,Ammoniacal nitrogen,2012,0.25,g/m3,River Quality
Hawke's Bay,Ammoniacal nitrogen,2013,0.48,g/m3,River Quality
Hawke's Bay,Ammoniacal nitrogen,2014,0.35,g/m3,River Quality
Hawke's Bay,Ammoniacal nitrogen,2015,0.36,g/m3,River Quality
Hawke's Bay,Ammoniacal nitrogen,2016,0.35,g/m3,River Quality
Hawke's Bay,Ammoniacal nitrogen,2017,0.33,g/m3,River Quality
Hawke's Bay,Ammoniacal nitrogen,2018,0.34,g/m3,River Quality
Hawke's Bay,Ammoniacal nitrogen,2019,0.35,g/m3,River Quality
Hawke's Bay,Nitrate-nitrite nitrogen,2002,1.55,g/m3,River Quality
Hawke's Bay,Nitrate-nitrite nitrogen,2003,1.99,g/m3,River Quality
Hawke's Bay,Nitrate-nitrite nitrogen,2004,5.58,g/m3,River Quality
Hawke's Bay,Nitrate-nitrite nitrogen,2005,7.64,g/m3,River Quality
Hawke's Bay,Nitrate-nitrite nitrogen,2006,7.68,g/m3,River Quality
Hawke's Bay,Nitrate-nitrite nitrogen,2007,8.52,g/m3,River Quality
Hawke's Bay,Nitrate-nitrite nitrogen,2008,9.45,g/m3,River Quality
Hawke's Bay,Nitrate-nitrite nitrogen,2009,9.56,g/m3,River Quality
Hawke's Bay,Nitrate-nitrite nitrogen,2010,12.93,g/m3,River Quality
Hawke's Bay,Nitrate-nitrite nitrogen,2011,16.32,g/m3,River Quality
Hawke's Bay,Nitrate-nitrite nitrogen,2012,16.77,g/m3,River Quality
Hawke's Bay,Nitrate-nitrite nitrogen,2013,24.05,g/m3,River Quality
Hawke's Bay,Nitrate-nitrite nitrogen,2014,21.65,g/m3,River Quality
Hawke's Bay,Nitrate-nitrite nitrogen,2015,21.01,g/m3,River Quality
Hawke's Bay,Nitrate-nitrite nitrogen,2016,22.08,g/m3,River Quality
Hawke's Bay,Nitrate-nitrite nitrogen,2017,24.25,g/m3,River Quality
Hawke's Bay,Nitrate-nitrite nitrogen,2018,19.46,g/m3,River Quality
Hawke's Bay,Nitrate-nitrite nitrogen,2019,19.54,g/m3,River Quality
Manawatū-Whanganui,Ammoniacal nitrogen,2004,0.12,g/m3,River Quality
Manawatū-Whanganui,Ammoniacal nitrogen,2005,0.11,g/m3,River Quality
Manawatū-Whanganui,Ammoniacal nitrogen,2006,0.11,g/m3,River Quality
Manawatū-Whanganui,Ammoniacal nitrogen,2007,0.11,g/m3,River Quality
Manawatū-Whanganui,Ammoniacal nitrogen,2008,0.11,g/m3,River Quality
Manawatū-Whanganui,Ammoniacal nitrogen,2009,0.3,g/m3,River Quality
Manawatū-Whanganui,Ammoniacal nitrogen,2010,0.35,g/m3,River Quality
Manawatū-Whanganui,Ammoniacal nitrogen,2011,0.33,g/m3,River Quality
Manawatū-Whanganui,Ammoniacal nitrogen,2012,0.36,g/m3,River Quality
Manawatū-Whanganui,Ammoniacal nitrogen,2013,0.37,g/m3,River Quality
Manawatū-Whanganui,Ammoniacal nitrogen,2014,0.44,g/m3,River Quality
Manawatū-Whanganui,Ammoniacal nitrogen,2015,0.75,g/m3,River Quality
Manawatū-Whanganui,Ammoniacal nitrogen,2016,2.12,g/m3,River Quality
Manawatū-Whanganui,Ammoniacal nitrogen,2017,2.89,g/m3,River Quality
Manawatū-Whanganui,Ammoniacal nitrogen,2018,2.9,g/m3,River Quality
Manawatū-Whanganui,Ammoniacal nitrogen,2019,3.25,g/m3,River Quality
Manawatū-Whanganui,Nitrate-nitrite nitrogen,2002,2.06,g/m3,River Quality
Manawatū-Whanganui,Nitrate-nitrite nitrogen,2003,2.23,g/m3,River Quality
Manawatū-Whanganui,Nitrate-nitrite nitrogen,2004,2.3,g/m3,River Quality
Manawatū-Whanganui,Nitrate-nitrite nitrogen,2005,2.19,g/m3,River Quality
Manawatū-Whanganui,Nitrate-nitrite nitrogen,2006,2.19,g/m3,River Quality
Manawatū-Whanganui,Nitrate-nitrite nitrogen,2007,2.18,g/m3,River Quality
Manawatū-Whanganui,Nitrate-nitrite nitrogen,2008,2.17,g/m3,River Quality
Manawatū-Whanganui,Nitrate-nitrite nitrogen,2009,5.54,g/m3,River Quality
Manawatū-Whanganui,Nitrate-nitrite nitrogen,2010,18.2,g/m3,River Quality
Manawatū-Whanganui,Nitrate-nitrite nitrogen,2011,5.5,g/m3,River Quality
Manawatū-Whanganui,Nitrate-nitrite nitrogen,2012,5.68,g/m3,River Quality
Manawatū-Whanganui,Nitrate-nitrite nitrogen,2013,5.84,g/m3,River Quality
Manawatū-Whanganui,Nitrate-nitrite nitrogen,2014,8.28,g/m3,River Quality
Manawatū-Whanganui,Nitrate-nitrite nitrogen,2015,12.41,g/m3,River Quality
Manawatū-Whanganui,Nitrate-nitrite nitrogen,2016,27.27,g/m3,River Quality
Manawatū-Whanganui,Nitrate-nitrite nitrogen,2017,34.51,g/m3,River Quality
Manawatū-Whanganui,Nitrate-nitrite nitrogen,2018,37.46,g/m3,River Quality
Manawatū-Whanganui,Nitrate-nitrite nitrogen,2019,41.16,g/m3,River Quality
Marlborough,Ammoniacal nitrogen,2004,0,g/m3,River Quality
Marlborough,Ammoniacal nitrogen,2005,0,g/m3,River Quality
Marlborough,Ammoniacal nitrogen,2006,0,g/m3,River Quality
Marlborough,Ammoniacal nitrogen,2007,0,g/m3,River Quality
Marlborough,Ammoniacal nitrogen,2008,0,g/m3,River Quality
Marlborough,Ammoniacal nitrogen,2009,0,g/m3,River Quality
Marlborough,Ammoniacal nitrogen,2010,0,g/m3,River Quality
Marlborough,Ammoniacal nitrogen,2011,0,g/m3,River Quality
Marlborough,Ammoniacal nitrogen,2012,0,g/m3,River Quality
Marlborough,Ammoniacal nitrogen,2013,0,g/m3,River Quality
Marlborough,Ammoniacal nitrogen,2014,0,g/m3,River Quality
Marlborough,Ammoniacal nitrogen,2015,0,g/m3,River Quality
Marlborough,Ammoniacal nitrogen,2016,0.11,g/m3,River Quality
Marlborough,Ammoniacal nitrogen,2017,0.11,g/m3,River Quality
Marlborough,Ammoniacal nitrogen,2018,0.09,g/m3,River Quality
Marlborough,Ammoniacal nitrogen,2019,0.09,g/m3,River Quality
Marlborough,Nitrate-nitrite nitrogen,2002,0.06,g/m3,River Quality
Marlborough,Nitrate-nitrite nitrogen,2003,0.07,g/m3,River Quality
Marlborough,Nitrate-nitrite nitrogen,2004,0.07,g/m3,River Quality
Marlborough,Nitrate-nitrite nitrogen,2005,0.06,g/m3,River Quality
Marlborough,Nitrate-nitrite nitrogen,2006,0.07,g/m3,River Quality
Marlborough,Nitrate-nitrite nitrogen,2007,0.08,g/m3,River Quality
Marlborough,Nitrate-nitrite nitrogen,2008,0.08,g/m3,River Quality
Marlborough,Nitrate-nitrite nitrogen,2009,0.09,g/m3,River Quality
Marlborough,Nitrate-nitrite nitrogen,2010,0.1,g/m3,River Quality
Marlborough,Nitrate-nitrite nitrogen,2011,0.11,g/m3,River Quality
Marlborough,Nitrate-nitrite nitrogen,2012,0.11,g/m3,River Quality
Marlborough,Nitrate-nitrite nitrogen,2013,0.11,g/m3,River Quality
Marlborough,Nitrate-nitrite nitrogen,2014,0.11,g/m3,River Quality
Marlborough,Nitrate-nitrite nitrogen,2015,0.11,g/m3,River Quality
Marlborough,Nitrate-nitrite nitrogen,2016,5.5,g/m3,River Quality
Marlborough,Nitrate-nitrite nitrogen,2017,8.31,g/m3,River Quality
Marlborough,Nitrate-nitrite nitrogen,2018,11.34,g/m3,River Quality
Marlborough,Nitrate-nitrite nitrogen,2019,10.98,g/m3,River Quality
Nelson,Ammoniacal nitrogen,2011,0.16,g/m3,River Quality
Nelson,Ammoniacal nitrogen,2012,0.15,g/m3,River Quality
Nelson,Ammoniacal nitrogen,2013,0.14,g/m3,River Quality
Nelson,Ammoniacal nitrogen,2014,0.11,g/m3,River Quality
Nelson,Ammoniacal nitrogen,2015,0.11,g/m3,River Quality
Nelson,Ammoniacal nitrogen,2016,0.1,g/m3,River Quality
Nelson,Ammoniacal nitrogen,2017,0.12,g/m3,River Quality
Nelson,Ammoniacal nitrogen,2018,0.11,g/m3,River Quality
Nelson,Ammoniacal nitrogen,2019,0.11,g/m3,River Quality
Nelson,Nitrate-nitrite nitrogen,2009,4.29,g/m3,River Quality
Nelson,Nitrate-nitrite nitrogen,2010,4.45,g/m3,River Quality
Nelson,Nitrate-nitrite nitrogen,2011,4.79,g/m3,River Quality
Nelson,Nitrate-nitrite nitrogen,2012,5.03,g/m3,River Quality
Nelson,Nitrate-nitrite nitrogen,2013,5.29,g/m3,River Quality
Nelson,Nitrate-nitrite nitrogen,2014,4.26,g/m3,River Quality
Nelson,Nitrate-nitrite nitrogen,2015,4.47,g/m3,River Quality
Nelson,Nitrate-nitrite nitrogen,2016,5.03,g/m3,River Quality
Nelson,Nitrate-nitrite nitrogen,2017,5.48,g/m3,River Quality
Nelson,Nitrate-nitrite nitrogen,2018,5.31,g/m3,River Quality
Nelson,Nitrate-nitrite nitrogen,2019,5.48,g/m3,River Quality
Northland,Ammoniacal nitrogen,2004,0.08,g/m3,River Quality
Northland,Ammoniacal nitrogen,2005,0.16,g/m3,River Quality
Northland,Ammoniacal nitrogen,2006,0.27,g/m3,River Quality
Northland,Ammoniacal nitrogen,2007,0.27,g/m3,River Quality
Northland,Ammoniacal nitrogen,2008,0.26,g/m3,River Quality
Northland,Ammoniacal nitrogen,2009,0.26,g/m3,River Quality
Northland,Ammoniacal nitrogen,2010,0.22,g/m3,River Quality
Northland,Ammoniacal nitrogen,2011,0.24,g/m3,River Quality
Northland,Ammoniacal nitrogen,2012,0.22,g/m3,River Quality
Northland,Ammoniacal nitrogen,2013,0.26,g/m3,River Quality
Northland,Ammoniacal nitrogen,2014,0.29,g/m3,River Quality
Northland,Ammoniacal nitrogen,2015,0.35,g/m3,River Quality
Northland,Ammoniacal nitrogen,2016,0.43,g/m3,River Quality
Northland,Ammoniacal nitrogen,2017,0.43,g/m3,River Quality
Northland,Ammoniacal nitrogen,2018,0.41,g/m3,River Quality
Northland,Ammoniacal nitrogen,2019,0.41,g/m3,River Quality
Northland,Nitrate-nitrite nitrogen,2002,0.86,g/m3,River Quality
Northland,Nitrate-nitrite nitrogen,2003,0.9,g/m3,River Quality
Northland,Nitrate-nitrite nitrogen,2004,0.9,g/m3,River Quality
Northland,Nitrate-nitrite nitrogen,2005,1.38,g/m3,River Quality
Northland,Nitrate-nitrite nitrogen,2006,2.48,g/m3,River Quality
Northland,Nitrate-nitrite nitrogen,2007,2.42,g/m3,River Quality
Northland,Nitrate-nitrite nitrogen,2008,2.8,g/m3,River Quality
Northland,Nitrate-nitrite nitrogen,2009,2.97,g/m3,River Quality
Northland,Nitrate-nitrite nitrogen,2010,3.61,g/m3,River Quality
Northland,Nitrate-nitrite nitrogen,2011,3.69,g/m3,River Quality
Northland,Nitrate-nitrite nitrogen,2012,3.58,g/m3,River Quality
Northland,Nitrate-nitrite nitrogen,2013,3.81,g/m3,River Quality
Northland,Nitrate-nitrite nitrogen,2014,4.2,g/m3,River Quality
Northland,Nitrate-nitrite nitrogen,2015,4.63,g/m3,River Quality
Northland,Nitrate-nitrite nitrogen,2016,8.08,g/m3,River Quality
Northland,Nitrate-nitrite nitrogen,2017,8.48,g/m3,River Quality
Northland,Nitrate-nitrite nitrogen,2018,8.36,g/m3,River Quality
Northland,Nitrate-nitrite nitrogen,2019,7.88,g/m3,River Quality
Otago,Ammoniacal nitrogen,2002,0.05,g/m3,River Quality
Otago,Ammoniacal nitrogen,2003,1.03,g/m3,River Quality
Otago,Ammoniacal nitrogen,2004,0.8,g/m3,River Quality
Otago,Ammoniacal nitrogen,2005,0.78,g/m3,River Quality
Otago,Ammoniacal nitrogen,2006,0.8,g/m3,River Quality
Otago,Ammoniacal nitrogen,2007,0.59,g/m3,River Quality
Otago,Ammoniacal nitrogen,2008,0.63,g/m3,River Quality
Otago,Ammoniacal nitrogen,2009,0.57,g/m3,River Quality
Otago,Ammoniacal nitrogen,2010,0.54,g/m3,River Quality
Otago,Ammoniacal nitrogen,2011,0.59,g/m3,River Quality
Otago,Ammoniacal nitrogen,2012,0.47,g/m3,River Quality
Otago,Ammoniacal nitrogen,2013,0.4,g/m3,River Quality
Otago,Ammoniacal nitrogen,2014,0.4,g/m3,River Quality
Otago,Ammoniacal nitrogen,2015,0.47,g/m3,River Quality
Otago,Ammoniacal nitrogen,2016,0.48,g/m3,River Quality
Otago,Ammoniacal nitrogen,2017,0.48,g/m3,River Quality
Otago,Ammoniacal nitrogen,2018,0.5,g/m3,River Quality
Otago,Ammoniacal nitrogen,2019,0.31,g/m3,River Quality
Otago,Nitrate-nitrite nitrogen,2002,1.42,g/m3,River Quality
Otago,Nitrate-nitrite nitrogen,2003,2.03,g/m3,River Quality
Otago,Nitrate-nitrite nitrogen,2004,1.82,g/m3,River Quality
Otago,Nitrate-nitrite nitrogen,2005,1.78,g/m3,River Quality
Otago,Nitrate-nitrite nitrogen,2006,5.28,g/m3,River Quality
Otago,Nitrate-nitrite nitrogen,2007,3.81,g/m3,River Quality
Otago,Nitrate-nitrite nitrogen,2008,5,g/m3,River Quality
Otago,Nitrate-nitrite nitrogen,2009,4.93,g/m3,River Quality
Otago,Nitrate-nitrite nitrogen,2010,5.01,g/m3,River Quality
Otago,Nitrate-nitrite nitrogen,2011,5.38,g/m3,River Quality
Otago,Nitrate-nitrite nitrogen,2012,5.65,g/m3,River Quality
Otago,Nitrate-nitrite nitrogen,2013,6.32,g/m3,River Quality
Otago,Nitrate-nitrite nitrogen,2014,6.75,g/m3,River Quality
Otago,Nitrate-nitrite nitrogen,2015,8.07,g/m3,River Quality
Otago,Nitrate-nitrite nitrogen,2016,8.76,g/m3,River Quality
Otago,Nitrate-nitrite nitrogen,2017,9.82,g/m3,River Quality
Otago,Nitrate-nitrite nitrogen,2018,10.42,g/m3,River Quality
Otago,Nitrate-nitrite nitrogen,2019,11.96,g/m3,River Quality
Southland,Ammoniacal nitrogen,2004,0.71,g/m3,River Quality
Southland,Ammoniacal nitrogen,2005,0.72,g/m3,River Quality
Southland,Ammoniacal nitrogen,2006,0.7,g/m3,River Quality
Southland,Ammoniacal nitrogen,2007,0.71,g/m3,River Quality
Southland,Ammoniacal nitrogen,2008,0.77,g/m3,River Quality
Southland,Ammoniacal nitrogen,2009,0.84,g/m3,River Quality
Southland,Ammoniacal nitrogen,2010,1.27,g/m3,River Quality
Southland,Ammoniacal nitrogen,2011,1.27,g/m3,River Quality
Southland,Ammoniacal nitrogen,2012,1.3,g/m3,River Quality
Southland,Ammoniacal nitrogen,2013,1.18,g/m3,River Quality
Southland,Ammoniacal nitrogen,2014,1.19,g/m3,River Quality
Southland,Ammoniacal nitrogen,2015,1.05,g/m3,River Quality
Southland,Ammoniacal nitrogen,2016,0.97,g/m3,River Quality
Southland,Ammoniacal nitrogen,2017,0.86,g/m3,River Quality
Southland,Ammoniacal nitrogen,2018,0.75,g/m3,River Quality
Southland,Ammoniacal nitrogen,2019,0.77,g/m3,River Quality
Southland,Nitrate-nitrite nitrogen,2002,3.28,g/m3,River Quality
Southland,Nitrate-nitrite nitrogen,2003,3.42,g/m3,River Quality
Southland,Nitrate-nitrite nitrogen,2004,20.48,g/m3,River Quality
Southland,Nitrate-nitrite nitrogen,2005,21.01,g/m3,River Quality
Southland,Nitrate-nitrite nitrogen,2006,20.71,g/m3,River Quality
Southland,Nitrate-nitrite nitrogen,2007,21.19,g/m3,River Quality
Southland,Nitrate-nitrite nitrogen,2008,24.17,g/m3,River Quality
Southland,Nitrate-nitrite nitrogen,2009,26,g/m3,River Quality
Southland,Nitrate-nitrite nitrogen,2010,37.63,g/m3,River Quality
Southland,Nitrate-nitrite nitrogen,2011,39.12,g/m3,River Quality
Southland,Nitrate-nitrite nitrogen,2012,47.18,g/m3,River Quality
Southland,Nitrate-nitrite nitrogen,2013,48.34,g/m3,River Quality
Southland,Nitrate-nitrite nitrogen,2014,55.95,g/m3,River Quality
Southland,Nitrate-nitrite nitrogen,2015,42.18,g/m3,River Quality
Southland,Nitrate-nitrite nitrogen,2016,43.27,g/m3,River Quality
Southland,Nitrate-nitrite nitrogen,2017,41.87,g/m3,River Quality
Southland,Nitrate-nitrite nitrogen,2018,42.75,g/m3,River Quality
Southland,Nitrate-nitrite nitrogen,2019,43.34,g/m3,River Quality
Taranaki,Ammoniacal nitrogen,2004,0.06,g/m3,River Quality
Taranaki,Ammoniacal nitrogen,2005,0.06,g/m3,River Quality
Taranaki,Ammoniacal nitrogen,2006,0.06,g/m3,River Quality
Taranaki,Ammoniacal nitrogen,2007,0.06,g/m3,River Quality
Taranaki,Ammoniacal nitrogen,2008,0.06,g/m3,River Quality
Taranaki,Ammoniacal nitrogen,2009,0.21,g/m3,River Quality
Taranaki,Ammoniacal nitrogen,2010,0.21,g/m3,River Quality
Taranaki,Ammoniacal nitrogen,2011,0.21,g/m3,River Quality
Taranaki,Ammoniacal nitrogen,2012,0.22,g/m3,River Quality
Taranaki,Ammoniacal nitrogen,2013,0.26,g/m3,River Quality
Taranaki,Ammoniacal nitrogen,2014,0.27,g/m3,River Quality
Taranaki,Ammoniacal nitrogen,2015,0.28,g/m3,River Quality
Taranaki,Ammoniacal nitrogen,2016,0.24,g/m3,River Quality
Taranaki,Ammoniacal nitrogen,2017,0.24,g/m3,River Quality
Taranaki,Ammoniacal nitrogen,2018,0.23,g/m3,River Quality
Taranaki,Ammoniacal nitrogen,2019,0.22,g/m3,River Quality
Taranaki,Nitrate-nitrite nitrogen,2002,2.27,g/m3,River Quality
Taranaki,Nitrate-nitrite nitrogen,2003,2.34,g/m3,River Quality
Taranaki,Nitrate-nitrite nitrogen,2004,2.4,g/m3,River Quality
Taranaki,Nitrate-nitrite nitrogen,2005,2.36,g/m3,River Quality
Taranaki,Nitrate-nitrite nitrogen,2006,2.39,g/m3,River Quality
Taranaki,Nitrate-nitrite nitrogen,2007,2.36,g/m3,River Quality
Taranaki,Nitrate-nitrite nitrogen,2008,2.39,g/m3,River Quality
Taranaki,Nitrate-nitrite nitrogen,2009,2.35,g/m3,River Quality
Taranaki,Nitrate-nitrite nitrogen,2010,2.32,g/m3,River Quality
Taranaki,Nitrate-nitrite nitrogen,2011,2.28,g/m3,River Quality
Taranaki,Nitrate-nitrite nitrogen,2012,2.28,g/m3,River Quality
Taranaki,Nitrate-nitrite nitrogen,2013,8.81,g/m3,River Quality
Taranaki,Nitrate-nitrite nitrogen,2014,8.58,g/m3,River Quality
Taranaki,Nitrate-nitrite nitrogen,2015,8.61,g/m3,River Quality
Taranaki,Nitrate-nitrite nitrogen,2016,6.86,g/m3,River Quality
Taranaki,Nitrate-nitrite nitrogen,2017,6.95,g/m3,River Quality
Taranaki,Nitrate-nitrite nitrogen,2018,6.89,g/m3,River Quality
Taranaki,Nitrate-nitrite nitrogen,2019,6.94,g/m3,River Quality
Tasman,Ammoniacal nitrogen,2004,0.01,g/m3,River Quality
Tasman,Ammoniacal nitrogen,2005,0.01,g/m3,River Quality
Tasman,Ammoniacal nitrogen,2006,0.01,g/m3,River Quality
Tasman,Ammoniacal nitrogen,2007,0.01,g/m3,River Quality
Tasman,Ammoniacal nitrogen,2008,0.02,g/m3,River Quality
Tasman,Ammoniacal nitrogen,2009,0.1,g/m3,River Quality
Tasman,Ammoniacal nitrogen,2010,0.14,g/m3,River Quality
Tasman,Ammoniacal nitrogen,2011,0.14,g/m3,River Quality
Tasman,Ammoniacal nitrogen,2012,0.12,g/m3,River Quality
Tasman,Ammoniacal nitrogen,2013,0.12,g/m3,River Quality
Tasman,Ammoniacal nitrogen,2014,0.2,g/m3,River Quality
Tasman,Ammoniacal nitrogen,2015,0.26,g/m3,River Quality
Tasman,Ammoniacal nitrogen,2016,0.09,g/m3,River Quality
Tasman,Ammoniacal nitrogen,2017,0.05,g/m3,River Quality
Tasman,Ammoniacal nitrogen,2018,0.06,g/m3,River Quality
Tasman,Ammoniacal nitrogen,2019,0.06,g/m3,River Quality
Tasman,Nitrate-nitrite nitrogen,2002,0.16,g/m3,River Quality
Tasman,Nitrate-nitrite nitrogen,2003,0.16,g/m3,River Quality
Tasman,Nitrate-nitrite nitrogen,2004,0.17,g/m3,River Quality
Tasman,Nitrate-nitrite nitrogen,2005,0.16,g/m3,River Quality
Tasman,Nitrate-nitrite nitrogen,2006,0.16,g/m3,River Quality
Tasman,Nitrate-nitrite nitrogen,2007,0.17,g/m3,River Quality
Tasman,Nitrate-nitrite nitrogen,2008,0.28,g/m3,River Quality
Tasman,Nitrate-nitrite nitrogen,2009,2.22,g/m3,River Quality
Tasman,Nitrate-nitrite nitrogen,2010,2.29,g/m3,River Quality
Tasman,Nitrate-nitrite nitrogen,2011,2.48,g/m3,River Quality
Tasman,Nitrate-nitrite nitrogen,2012,2.58,g/m3,River Quality
Tasman,Nitrate-nitrite nitrogen,2013,4.32,g/m3,River Quality
Tasman,Nitrate-nitrite nitrogen,2014,6.36,g/m3,River Quality
Tasman,Nitrate-nitrite nitrogen,2015,8.02,g/m3,River Quality
Tasman,Nitrate-nitrite nitrogen,2016,5.48,g/m3,River Quality
Tasman,Nitrate-nitrite nitrogen,2017,3.84,g/m3,River Quality
Tasman,Nitrate-nitrite nitrogen,2018,3.9,g/m3,River Quality
Tasman,Nitrate-nitrite nitrogen,2019,3.94,g/m3,River Quality
Waikato,Ammoniacal nitrogen,2002,3.44,g/m3,River Quality
Waikato,Ammoniacal nitrogen,2003,6.03,g/m3,River Quality
Waikato,Ammoniacal nitrogen,2004,6.09,g/m3,River Quality
Waikato,Ammoniacal nitrogen,2005,5.89,g/m3,River Quality
Waikato,Ammoniacal nitrogen,2006,5.68,g/m3,River Quality
Waikato,Ammoniacal nitrogen,2007,5.51,g/m3,River Quality
Waikato,Ammoniacal nitrogen,2008,5.38,g/m3,River Quality
Waikato,Ammoniacal nitrogen,2009,5.37,g/m3,River Quality
Waikato,Ammoniacal nitrogen,2010,5.3,g/m3,River Quality
Waikato,Ammoniacal nitrogen,2011,5.23,g/m3,River Quality
Waikato,Ammoniacal nitrogen,2012,5.12,g/m3,River Quality
Waikato,Ammoniacal nitrogen,2013,5.1,g/m3,River Quality
Waikato,Ammoniacal nitrogen,2014,4.98,g/m3,River Quality
Waikato,Ammoniacal nitrogen,2015,4.9,g/m3,River Quality
Waikato,Ammoniacal nitrogen,2016,4.86,g/m3,River Quality
Waikato,Ammoniacal nitrogen,2017,4.92,g/m3,River Quality
Waikato,Ammoniacal nitrogen,2018,5.02,g/m3,River Quality
Waikato,Ammoniacal nitrogen,2019,5.04,g/m3,River Quality
Waikato,Nitrate-nitrite nitrogen,2002,44.69,g/m3,River Quality
Waikato,Nitrate-nitrite nitrogen,2003,66.88,g/m3,River Quality
Waikato,Nitrate-nitrite nitrogen,2004,68,g/m3,River Quality
Waikato,Nitrate-nitrite nitrogen,2005,68.06,g/m3,River Quality
Waikato,Nitrate-nitrite nitrogen,2006,68.21,g/m3,River Quality
Waikato,Nitrate-nitrite nitrogen,2007,68.36,g/m3,River Quality
Waikato,Nitrate-nitrite nitrogen,2008,69.41,g/m3,River Quality
Waikato,Nitrate-nitrite nitrogen,2009,72.5,g/m3,River Quality
Waikato,Nitrate-nitrite nitrogen,2010,72.99,g/m3,River Quality
Waikato,Nitrate-nitrite nitrogen,2011,74.15,g/m3,River Quality
Waikato,Nitrate-nitrite nitrogen,2012,75.28,g/m3,River Quality
Waikato,Nitrate-nitrite nitrogen,2013,75.9,g/m3,River Quality
Waikato,Nitrate-nitrite nitrogen,2014,74.08,g/m3,River Quality
Waikato,Nitrate-nitrite nitrogen,2015,74.47,g/m3,River Quality
Waikato,Nitrate-nitrite nitrogen,2016,74.81,g/m3,River Quality
Waikato,Nitrate-nitrite nitrogen,2017,78.13,g/m3,River Quality
Waikato,Nitrate-nitrite nitrogen,2018,78.04,g/m3,River Quality
Waikato,Nitrate-nitrite nitrogen,2019,80.33,g/m3,River Quality
Wellington,Ammoniacal nitrogen,2004,0.03,g/m3,River Quality
Wellington,Ammoniacal nitrogen,2005,0.03,g/m3,River Quality
Wellington,Ammoniacal nitrogen,2006,0.03,g/m3,River Quality
Wellington,Ammoniacal nitrogen,2007,0.03,g/m3,River Quality
Wellington,Ammoniacal nitrogen,2008,0.03,g/m3,River Quality
Wellington,Ammoniacal nitrogen,2009,0.03,g/m3,River Quality
Wellington,Ammoniacal nitrogen,2010,0.03,g/m3,River Quality
Wellington,Ammoniacal nitrogen,2011,0.03,g/m3,River Quality
Wellington,Ammoniacal nitrogen,2012,0.71,g/m3,River Quality
Wellington,Ammoniacal nitrogen,2013,0.72,g/m3,River Quality
Wellington,Ammoniacal nitrogen,2014,0.69,g/m3,River Quality
Wellington,Ammoniacal nitrogen,2015,0.67,g/m3,River Quality
Wellington,Ammoniacal nitrogen,2016,0.59,g/m3,River Quality
Wellington,Ammoniacal nitrogen,2017,0.41,g/m3,River Quality
Wellington,Ammoniacal nitrogen,2018,0.39,g/m3,River Quality
Wellington,Ammoniacal nitrogen,2019,0.38,g/m3,River Quality
Wellington,Nitrate-nitrite nitrogen,2002,1.21,g/m3,River Quality
Wellington,Nitrate-nitrite nitrogen,2003,1.24,g/m3,River Quality
Wellington,Nitrate-nitrite nitrogen,2004,1.28,g/m3,River Quality
Wellington,Nitrate-nitrite nitrogen,2005,1.25,g/m3,River Quality
Wellington,Nitrate-nitrite nitrogen,2006,1.25,g/m3,River Quality
Wellington,Nitrate-nitrite nitrogen,2007,1.24,g/m3,River Quality
Wellington,Nitrate-nitrite nitrogen,2008,1.25,g/m3,River Quality
Wellington,Nitrate-nitrite nitrogen,2009,1.25,g/m3,River Quality
Wellington,Nitrate-nitrite nitrogen,2010,1.21,g/m3,River Quality
Wellington,Nitrate-nitrite nitrogen,2011,1.19,g/m3,River Quality
Wellington,Nitrate-nitrite nitrogen,2012,27.22,g/m3,River Quality
Wellington,Nitrate-nitrite nitrogen,2013,28.47,g/m3,River Quality
Wellington,Nitrate-nitrite nitrogen,2014,27.18,g/m3,River Quality
Wellington,Nitrate-nitrite nitrogen,2015,27.12,g/m3,River Quality
Wellington,Nitrate-nitrite nitrogen,2016,25.98,g/m3,River Quality
Wellington,Nitrate-nitrite nitrogen,2017,23.99,g/m3,River Quality
Wellington,Nitrate-nitrite nitrogen,2018,23.21,g/m3,River Quality
Wellington,Nitrate-nitrite nitrogen,2019,23,g/m3,River Quality
West Coast,Ammoniacal nitrogen,2004,0.02,g/m3,River Quality
West Coast,Ammoniacal nitrogen,2005,0.01,g/m3,River Quality
West Coast,Ammoniacal nitrogen,2006,0.01,g/m3,River Quality
West Coast,Ammoniacal nitrogen,2007,0.01,g/m3,River Quality
West Coast,Ammoniacal nitrogen,2008,0.01,g/m3,River Quality
West Coast,Ammoniacal nitrogen,2009,0.01,g/m3,River Quality
West Coast,Ammoniacal nitrogen,2010,0.01,g/m3,River Quality
West Coast,Ammoniacal nitrogen,2011,0.01,g/m3,River Quality
West Coast,Ammoniacal nitrogen,2012,0.01,g/m3,River Quality
West Coast,Ammoniacal nitrogen,2013,0.09,g/m3,River Quality
West Coast,Ammoniacal nitrogen,2014,0.21,g/m3,River Quality
West Coast,Ammoniacal nitrogen,2015,0.62,g/m3,River Quality
West Coast,Ammoniacal nitrogen,2016,0.58,g/m3,River Quality
West Coast,Ammoniacal nitrogen,2017,0.57,g/m3,River Quality
West Coast,Ammoniacal nitrogen,2018,0.62,g/m3,River Quality
West Coast,Ammoniacal nitrogen,2019,0.47,g/m3,River Quality
West Coast,Nitrate-nitrite nitrogen,2002,0.17,g/m3,River Quality
West Coast,Nitrate-nitrite nitrogen,2003,0.18,g/m3,River Quality
West Coast,Nitrate-nitrite nitrogen,2004,0.19,g/m3,River Quality
West Coast,Nitrate-nitrite nitrogen,2005,0.19,g/m3,River Quality
West Coast,Nitrate-nitrite nitrogen,2006,0.2,g/m3,River Quality
West Coast,Nitrate-nitrite nitrogen,2007,0.2,g/m3,River Quality
West Coast,Nitrate-nitrite nitrogen,2008,0.22,g/m3,River Quality
West Coast,Nitrate-nitrite nitrogen,2009,0.23,g/m3,River Quality
West Coast,Nitrate-nitrite nitrogen,2010,0.24,g/m3,River Quality
West Coast,Nitrate-nitrite nitrogen,2011,0.24,g/m3,River Quality
West Coast,Nitrate-nitrite nitrogen,2012,0.23,g/m3,River Quality
West Coast,Nitrate-nitrite nitrogen,2013,0.3,g/m3,River Quality
West Coast,Nitrate-nitrite nitrogen,2014,0.42,g/m3,River Quality
West Coast,Nitrate-nitrite nitrogen,2015,0.42,g/m3,River Quality
West Coast,Nitrate-nitrite nitrogen,2016,0.43,g/m3,River Quality
West Coast,Nitrate-nitrite nitrogen,2017,0.97,g/m3,River Quality
West Coast,Nitrate-nitrite nitrogen,2018,4.42,g/m3,River Quality
West Coast,Nitrate-nitrite nitrogen,2019,4.49,g/m3,River Quality
Auckland,E.coli,2009,6885,cfu/100ml,River Quality
Auckland,E.coli,2010,6520,cfu/100ml,River Quality
Auckland,E.coli,2011,6300,cfu/100ml,River Quality
Auckland,E.coli,2012,5750,cfu/100ml,River Quality
Auckland,E.coli,2013,6200,cfu/100ml,River Quality
Auckland,E.coli,2014,6606.9,cfu/100ml,River Quality
Auckland,E.coli,2015,15869.65,cfu/100ml,River Quality
Auckland,E.coli,2016,12588.2,cfu/100ml,River Quality
Auckland,E.coli,2017,11501.3,cfu/100ml,River Quality
Auckland,E.coli,2018,13498.6,cfu/100ml,River Quality
Auckland,E.coli,2019,16359.6,cfu/100ml,River Quality
Auckland,E.coli,2020,16822.2,cfu/100ml,River Quality
Bay of Plenty,E.coli,2000,970,cfu/100ml,River Quality
Bay of Plenty,E.coli,2001,1023,cfu/100ml,River Quality
Bay of Plenty,E.coli,2002,564,cfu/100ml,River Quality
Bay of Plenty,E.coli,2003,607.5,cfu/100ml,River Quality
Bay of Plenty,E.coli,2004,626.5,cfu/100ml,River Quality
Bay of Plenty,E.coli,2005,624,cfu/100ml,River Quality
Bay of Plenty,E.coli,2006,620,cfu/100ml,River Quality
Bay of Plenty,E.coli,2007,664,cfu/100ml,River Quality
Bay of Plenty,E.coli,2008,654,cfu/100ml,River Quality
Bay of Plenty,E.coli,2009,601,cfu/100ml,River Quality
Bay of Plenty,E.coli,2010,612,cfu/100ml,River Quality
Bay of Plenty,E.coli,2011,612.5,cfu/100ml,River Quality
Bay of Plenty,E.coli,2012,1167,cfu/100ml,River Quality
Bay of Plenty,E.coli,2013,1560.67,cfu/100ml,River Quality
Bay of Plenty,E.coli,2014,1410.75,cfu/100ml,River Quality
Bay of Plenty,E.coli,2015,1914.85,cfu/100ml,River Quality
Bay of Plenty,E.coli,2016,2244.85,cfu/100ml,River Quality
Bay of Plenty,E.coli,2017,2231.18,cfu/100ml,River Quality
Bay of Plenty,E.coli,2018,1797.33,cfu/100ml,River Quality
Bay of Plenty,E.coli,2019,2314.58,cfu/100ml,River Quality
Bay of Plenty,E.coli,2020,3286,cfu/100ml,River Quality
Canterbury,E.coli,2009,653,cfu/100ml,River Quality
Canterbury,E.coli,2010,1386.5,cfu/100ml,River Quality
Canterbury,E.coli,2011,6088.5,cfu/100ml,River Quality
Canterbury,E.coli,2012,8349,cfu/100ml,River Quality
Canterbury,E.coli,2013,15645,cfu/100ml,River Quality
Canterbury,E.coli,2014,18490.05,cfu/100ml,River Quality
Canterbury,E.coli,2015,19742.3,cfu/100ml,River Quality
Canterbury,E.coli,2016,34805.1,cfu/100ml,River Quality
Canterbury,E.coli,2017,41959.35,cfu/100ml,River Quality
Canterbury,E.coli,2018,42266.15,cfu/100ml,River Quality
Canterbury,E.coli,2019,42819.15,cfu/100ml,River Quality
Canterbury,E.coli,2020,48918.5,cfu/100ml,River Quality
Gisborne,E.coli,2000,1391.5,cfu/100ml,River Quality
Gisborne,E.coli,2001,3855,cfu/100ml,River Quality
Gisborne,E.coli,2002,4601,cfu/100ml,River Quality
Gisborne,E.coli,2003,4739.5,cfu/100ml,River Quality
Gisborne,E.coli,2004,4947.5,cfu/100ml,River Quality
Gisborne,E.coli,2005,5072,cfu/100ml,River Quality
Gisborne,E.coli,2006,5208,cfu/100ml,River Quality
Gisborne,E.coli,2007,5239.5,cfu/100ml,River Quality
Gisborne,E.coli,2008,5310.5,cfu/100ml,River Quality
Gisborne,E.coli,2009,5405,cfu/100ml,River Quality
Gisborne,E.coli,2010,5319,cfu/100ml,River Quality
Gisborne,E.coli,2011,5221,cfu/100ml,River Quality
Gisborne,E.coli,2012,6434.5,cfu/100ml,River Quality
Gisborne,E.coli,2013,8175.5,cfu/100ml,River Quality
Gisborne,E.coli,2014,8080.6,cfu/100ml,River Quality
Gisborne,E.coli,2015,7561.5,cfu/100ml,River Quality
Gisborne,E.coli,2016,7199.1,cfu/100ml,River Quality
Gisborne,E.coli,2017,7680.15,cfu/100ml,River Quality
Gisborne,E.coli,2018,7799.5,cfu/100ml,River Quality
Gisborne,E.coli,2019,7534.65,cfu/100ml,River Quality
Gisborne,E.coli,2020,16644.25,cfu/100ml,River Quality
Hawke's Bay,E.coli,2012,167,cfu/100ml,River Quality
Hawke's Bay,E.coli,2013,1922.65,cfu/100ml,River Quality
Hawke's Bay,E.coli,2014,2488.25,cfu/100ml,River Quality
Hawke's Bay,E.coli,2015,3374.8,cfu/100ml,River Quality
Hawke's Bay,E.coli,2016,3887.15,cfu/100ml,River Quality
Hawke's Bay,E.coli,2017,4260.35,cfu/100ml,River Quality
Hawke's Bay,E.coli,2018,4749.3,cfu/100ml,River Quality
Hawke's Bay,E.coli,2019,5359.8,cfu/100ml,River Quality
Hawke's Bay,E.coli,2020,5599.2,cfu/100ml,River Quality
Manawatū-Whanganui,E.coli,2010,1691,cfu/100ml,River Quality
Manawatū-Whanganui,E.coli,2011,1683.05,cfu/100ml,River Quality
Manawatū-Whanganui,E.coli,2012,1537,cfu/100ml,River Quality
Manawatū-Whanganui,E.coli,2013,2561.9,cfu/100ml,River Quality
Manawatū-Whanganui,E.coli,2014,5166.9,cfu/100ml,River Quality
Manawatū-Whanganui,E.coli,2015,6842.45,cfu/100ml,River Quality
Manawatū-Whanganui,E.coli,2016,14577.95,cfu/100ml,River Quality
Manawatū-Whanganui,E.coli,2017,22016.65,cfu/100ml,River Quality
Manawatū-Whanganui,E.coli,2018,24510,cfu/100ml,River Quality
Manawatū-Whanganui,E.coli,2019,26850.5,cfu/100ml,River Quality
Manawatū-Whanganui,E.coli,2020,28987.95,cfu/100ml,River Quality
Marlborough,E.coli,2014,9.9,cfu/100ml,River Quality
Marlborough,E.coli,2015,10.5,cfu/100ml,River Quality
Marlborough,E.coli,2016,1357.5,cfu/100ml,River Quality
Marlborough,E.coli,2017,1724.5,cfu/100ml,River Quality
Marlborough,E.coli,2018,2563.1,cfu/100ml,River Quality
Marlborough,E.coli,2019,2736.6,cfu/100ml,River Quality
Marlborough,E.coli,2020,2787.1,cfu/100ml,River Quality
Nelson,E.coli,2009,5119.5,cfu/100ml,River Quality
Nelson,E.coli,2010,5059.5,cfu/100ml,River Quality
Nelson,E.coli,2011,4870.5,cfu/100ml,River Quality
Nelson,E.coli,2012,4327,cfu/100ml,River Quality
Nelson,E.coli,2013,4170.5,cfu/100ml,River Quality
Nelson,E.coli,2014,2698.5,cfu/100ml,River Quality
Nelson,E.coli,2015,2533,cfu/100ml,River Quality
Nelson,E.coli,2016,2717.5,cfu/100ml,River Quality
Nelson,E.coli,2017,2978,cfu/100ml,River Quality
Nelson,E.coli,2018,3078.5,cfu/100ml,River Quality
Nelson,E.coli,2019,3291.5,cfu/100ml,River Quality
Nelson,E.coli,2020,6294,cfu/100ml,River Quality
Northland,E.coli,2008,1379.5,cfu/100ml,River Quality
Northland,E.coli,2009,3096.5,cfu/100ml,River Quality
Northland,E.coli,2010,3607,cfu/100ml,River Quality
Northland,E.coli,2011,4066,cfu/100ml,River Quality
Northland,E.coli,2012,3965.5,cfu/100ml,River Quality
Northland,E.coli,2013,4207.95,cfu/100ml,River Quality
Northland,E.coli,2014,5401.05,cfu/100ml,River Quality
Northland,E.coli,2015,6969.5,cfu/100ml,River Quality
Northland,E.coli,2016,8774.5,cfu/100ml,River Quality
Northland,E.coli,2017,8871.4,cfu/100ml,River Quality
Northland,E.coli,2018,9276.08,cfu/100ml,River Quality
Northland,E.coli,2019,8897.65,cfu/100ml,River Quality
Northland,E.coli,2020,13072.73,cfu/100ml,River Quality
Otago,E.coli,2007,2458.5,cfu/100ml,River Quality
Otago,E.coli,2008,2912.5,cfu/100ml,River Quality
Otago,E.coli,2009,2483,cfu/100ml,River Quality
Otago,E.coli,2010,2692.75,cfu/100ml,River Quality
Otago,E.coli,2011,2910,cfu/100ml,River Quality
Otago,E.coli,2012,3093.75,cfu/100ml,River Quality
Otago,E.coli,2013,3424.5,cfu/100ml,River Quality
Otago,E.coli,2014,4108.3,cfu/100ml,River Quality
Otago,E.coli,2015,4593.15,cfu/100ml,River Quality
Otago,E.coli,2016,4803.6,cfu/100ml,River Quality
Otago,E.coli,2017,5099.55,cfu/100ml,River Quality
Otago,E.coli,2018,5324.55,cfu/100ml,River Quality
Otago,E.coli,2019,5442.45,cfu/100ml,River Quality
Otago,E.coli,2020,10245.8,cfu/100ml,River Quality
Southland,E.coli,2007,1282,cfu/100ml,River Quality
Southland,E.coli,2008,6927.5,cfu/100ml,River Quality
Southland,E.coli,2009,11773.98,cfu/100ml,River Quality
Southland,E.coli,2010,17860.1,cfu/100ml,River Quality
Southland,E.coli,2011,18567.7,cfu/100ml,River Quality
Southland,E.coli,2012,19988.4,cfu/100ml,River Quality
Southland,E.coli,2013,19955.4,cfu/100ml,River Quality
Southland,E.coli,2014,22974.95,cfu/100ml,River Quality
Southland,E.coli,2015,20696.25,cfu/100ml,River Quality
Southland,E.coli,2016,19868.05,cfu/100ml,River Quality
Southland,E.coli,2017,19943.3,cfu/100ml,River Quality
Southland,E.coli,2018,18950.1,cfu/100ml,River Quality
Southland,E.coli,2019,18296.8,cfu/100ml,River Quality
Southland,E.coli,2020,34427.4,cfu/100ml,River Quality
Taranaki,E.coli,2007,675,cfu/100ml,River Quality
Taranaki,E.coli,2008,690,cfu/100ml,River Quality
Taranaki,E.coli,2009,1986,cfu/100ml,River Quality
Taranaki,E.coli,2010,1973,cfu/100ml,River Quality
Taranaki,E.coli,2011,1994,cfu/100ml,River Quality
Taranaki,E.coli,2012,2301,cfu/100ml,River Quality
Taranaki,E.coli,2013,2776.95,cfu/100ml,River Quality
Taranaki,E.coli,2014,3382.3,cfu/100ml,River Quality
Taranaki,E.coli,2015,3367.65,cfu/100ml,River Quality
Taranaki,E.coli,2016,3179,cfu/100ml,River Quality
Taranaki,E.coli,2017,3460.85,cfu/100ml,River Quality
Taranaki,E.coli,2018,3336.45,cfu/100ml,River Quality
Taranaki,E.coli,2019,3361.15,cfu/100ml,River Quality
Taranaki,E.coli,2020,5737.65,cfu/100ml,River Quality
Tasman,E.coli,2008,137.5,cfu/100ml,River Quality
Tasman,E.coli,2009,1882.5,cfu/100ml,River Quality
Tasman,E.coli,2010,2002.1,cfu/100ml,River Quality
Tasman,E.coli,2011,2469,cfu/100ml,River Quality
Tasman,E.coli,2012,2580.75,cfu/100ml,River Quality
Tasman,E.coli,2013,2791,cfu/100ml,River Quality
Tasman,E.coli,2014,4918.1,cfu/100ml,River Quality
Tasman,E.coli,2015,5454.6,cfu/100ml,River Quality
Tasman,E.coli,2016,3930.25,cfu/100ml,River Quality
Tasman,E.coli,2017,2995.55,cfu/100ml,River Quality
Tasman,E.coli,2018,3640.95,cfu/100ml,River Quality
Tasman,E.coli,2019,3684.95,cfu/100ml,River Quality
Tasman,E.coli,2020,4631,cfu/100ml,River Quality
Waikato,E.coli,2006,170,cfu/100ml,River Quality
Waikato,E.coli,2007,24861.5,cfu/100ml,River Quality
Waikato,E.coli,2008,26495,cfu/100ml,River Quality
Waikato,E.coli,2009,26222.5,cfu/100ml,River Quality
Waikato,E.coli,2010,25768.5,cfu/100ml,River Quality
Waikato,E.coli,2011,26854,cfu/100ml,River Quality
Waikato,E.coli,2012,26010.5,cfu/100ml,River Quality
Waikato,E.coli,2013,23397.5,cfu/100ml,River Quality
Waikato,E.coli,2014,22343.05,cfu/100ml,River Quality
Waikato,E.coli,2015,20039.65,cfu/100ml,River Quality
Waikato,E.coli,2016,20375.85,cfu/100ml,River Quality
Waikato,E.coli,2017,19867.85,cfu/100ml,River Quality
Waikato,E.coli,2018,19957.3,cfu/100ml,River Quality
Waikato,E.coli,2019,20782.2,cfu/100ml,River Quality
Waikato,E.coli,2020,43097,cfu/100ml,River Quality
Wellington,E.coli,2012,8851,cfu/100ml,River Quality
Wellington,E.coli,2013,9414.3,cfu/100ml,River Quality
Wellington,E.coli,2014,9400.5,cfu/100ml,River Quality
Wellington,E.coli,2015,9545.85,cfu/100ml,River Quality
Wellington,E.coli,2016,9077.8,cfu/100ml,River Quality
Wellington,E.coli,2017,8445.35,cfu/100ml,River Quality
Wellington,E.coli,2018,8893.6,cfu/100ml,River Quality
Wellington,E.coli,2019,9505.25,cfu/100ml,River Quality
Wellington,E.coli,2020,10708.9,cfu/100ml,River Quality
West Coast,E.coli,2011,5,cfu/100ml,River Quality
West Coast,E.coli,2012,35,cfu/100ml,River Quality
West Coast,E.coli,2013,3027.5,cfu/100ml,River Quality
West Coast,E.coli,2014,3600,cfu/100ml,River Quality
West Coast,E.coli,2015,4143.15,cfu/100ml,River Quality
West Coast,E.coli,2016,4555.75,cfu/100ml,River Quality
West Coast,E.coli,2017,4654.65,cfu/100ml,River Quality
West Coast,E.coli,2018,3957.7,cfu/100ml,River Quality
West Coast,E.coli,2019,3863.7,cfu/100ml,River Quality
West Coast,E.coli,2020,5756.5,cfu/100ml,River Quality
