"","Area","Year","key","Beef Cattle","Dairy Cattle","Deer","Sheep","Total apples (hectares)","Total avocados (hectares)","Total kiwifruit (hectares)","Total olives (hectares)","Total onions (hectares)","Total potatoes (hectares)","Total squash (hectares)","Total wine grapes (hectares)","Total_Hectares","Dairy area (ha)","Floriculture area (ha)","Forestry area (ha)","Fruit and berry area (ha)","Grain growing area (ha)","Nursery and turf area (ha)","Other area (ha)","Other Livestock area (ha)","Sheep and Beef area (ha)","Vegetable growing area (ha)"
"1","Auckland",2021,"Auckland 2021",124698,84973,6404,NA,NA,NA,NA,NA,NA,NA,NA,NA,NA,NA,NA,NA,NA,NA,NA,NA,NA,NA,NA
"2","Bay of Plenty",2021,"Bay of Plenty 2021",NA,313358,NA,NA,NA,NA,NA,NA,NA,NA,NA,NA,NA,NA,NA,NA,NA,NA,NA,NA,NA,NA,NA
"3","Canterbury",2021,"Canterbury 2021",516312,1325185,262813,4253617,NA,NA,NA,NA,NA,NA,NA,NA,NA,NA,NA,NA,NA,NA,NA,NA,NA,NA,NA
"4","Chatham Islands",2021,"Chatham Islands 2021",NA,0,0,NA,NA,NA,NA,NA,NA,NA,NA,NA,NA,NA,NA,NA,NA,NA,NA,NA,NA,NA,NA
"5","Gisborne",2021,"Gisborne 2021",261018,10144,NA,1446290,NA,NA,NA,NA,NA,NA,NA,NA,NA,NA,NA,NA,NA,NA,NA,NA,NA,NA,NA
"6","Hawke's Bay",2021,"Hawke's Bay 2021",418274,72208,59983,2604116,NA,NA,NA,NA,NA,NA,NA,NA,NA,NA,NA,NA,NA,NA,NA,NA,NA,NA,NA
"7","Manawatu-Whanganui",2021,"Manawatu-Whanganui 2021",594771,443824,47259,4709345,NA,NA,NA,NA,NA,NA,NA,NA,NA,NA,NA,NA,NA,NA,NA,NA,NA,NA,NA
"8","Marlborough",2021,"Marlborough 2021",62509,NA,5280,471763,NA,NA,NA,NA,NA,NA,NA,NA,NA,NA,NA,NA,NA,NA,NA,NA,NA,NA,NA
"9","Nelson",2021,"Nelson 2021",NA,NA,0,1899,NA,NA,NA,NA,NA,NA,NA,NA,NA,NA,NA,NA,NA,NA,NA,NA,NA,NA,NA
"10","Northland",2021,"Northland 2021",360991,310765,NA,239949,NA,NA,NA,NA,NA,NA,NA,NA,NA,NA,NA,NA,NA,NA,NA,NA,NA,NA,NA
"11","Otago",2021,"Otago 2021",328632,368665,117292,4520718,NA,NA,NA,NA,NA,NA,NA,NA,NA,NA,NA,NA,NA,NA,NA,NA,NA,NA,NA
"12","Southland",2021,"Southland 2021",198244,602169,177839,3417345,NA,NA,NA,NA,NA,NA,NA,NA,NA,NA,NA,NA,NA,NA,NA,NA,NA,NA,NA
"13","Taranaki",2021,"Taranaki 2021",128607,538418,2415,441897,NA,NA,NA,NA,NA,NA,NA,NA,NA,NA,NA,NA,NA,NA,NA,NA,NA,NA,NA
"14","Tasman",2021,"Tasman 2021",44265,49798,8039,236736,NA,NA,NA,NA,NA,NA,NA,NA,NA,NA,NA,NA,NA,NA,NA,NA,NA,NA,NA
"15","Waikato",2021,"Waikato 2021",621833,1809979,63625,1540300,NA,NA,NA,NA,NA,NA,NA,NA,NA,NA,NA,NA,NA,NA,NA,NA,NA,NA,NA
"16","Wellington",2021,"Wellington 2021",153655,92511,NA,1290604,NA,NA,NA,NA,NA,NA,NA,NA,NA,NA,NA,NA,NA,NA,NA,NA,NA,NA,NA
"17","West Coast",2021,"West Coast 2021",26459,139137,21845,NA,NA,NA,NA,NA,NA,NA,NA,NA,NA,NA,NA,NA,NA,NA,NA,NA,NA,NA,NA
"18","Auckland",2020,"Auckland 2020",113340,123478,NA,180218,54,433,657,130,1712,1937,19,225,NA,NA,NA,NA,NA,NA,NA,NA,NA,NA,NA
"19","Bay of Plenty",2020,"Bay of Plenty 2020",110112,294791,37430,220729,79,2197,12091,9,1,9,0,45,NA,NA,NA,NA,NA,NA,NA,NA,NA,NA,NA
"20","Canterbury",2020,"Canterbury 2020",559234,1246299,265295,4560405,241,32,NA,75,1165,5255,56,1432,NA,NA,NA,NA,NA,NA,NA,NA,NA,NA,NA
"21","Chatham Islands",2020,"Chatham Islands 2020",5040,0,0,64895,0,0,0,0,0,0,0,0,NA,NA,NA,NA,NA,NA,NA,NA,NA,NA,NA
"22","Gisborne",2020,"Gisborne 2020",249615,NA,NA,1365329,310,48,384,44,0,NA,2148,1256,NA,NA,NA,NA,NA,NA,NA,NA,NA,NA,NA
"23","Hawke's Bay",2020,"Hawke's Bay 2020",400456,NA,67285,2529972,6186,20,166,114,868,85,4754,3960,NA,NA,NA,NA,NA,NA,NA,NA,NA,NA,NA
"24","Manawatu-Whanganui",2020,"Manawatu-Whanganui 2020",571743,436747,49653,4680562,28,1,NA,NA,166,NA,30,32,NA,NA,NA,NA,NA,NA,NA,NA,NA,NA,NA
"25","Marlborough",2020,"Marlborough 2020",71030,17933,6042,556764,18,0,0,36,44,1,1,25463,NA,NA,NA,NA,NA,NA,NA,NA,NA,NA,NA
"26","Nelson",2020,"Nelson 2020",NA,NA,0,13062,5,2,NA,0,0,0,0,42,NA,NA,NA,NA,NA,NA,NA,NA,NA,NA,NA
"27","Northland",2020,"Northland 2020",377720,311282,NA,235789,NA,2001,654,138,39,83,6,55,NA,NA,NA,NA,NA,NA,NA,NA,NA,NA,NA
"28","Otago",2020,"Otago 2020",332610,356022,124844,4823751,457,8,NA,16,0,150,0,1211,NA,NA,NA,NA,NA,NA,NA,NA,NA,NA,NA
"29","Southland",2020,"Southland 2020",209611,683210,155404,3374150,0,NA,NA,0,0,133,0,NA,NA,NA,NA,NA,NA,NA,NA,NA,NA,NA,NA
"30","Taranaki",2020,"Taranaki 2020",122399,554560,2668,387515,7,17,NA,0,0,NA,0,0,NA,NA,NA,NA,NA,NA,NA,NA,NA,NA,NA
"31","Tasman",2020,"Tasman 2020",34959,59397,NA,165437,2204,2,412,49,57,4,13,847,NA,NA,NA,NA,NA,NA,NA,NA,NA,NA,NA
"32","Waikato",2020,"Waikato 2020",539643,1766690,69634,1406552,83,101,771,27,1530,1421,12,20,NA,NA,NA,NA,NA,NA,NA,NA,NA,NA,NA
"33","Wellington",2020,"Wellington 2020",151838,100234,NA,1443407,110,7,53,194,6,NA,32,985,NA,NA,NA,NA,NA,NA,NA,NA,NA,NA,NA
"34","West Coast",2020,"West Coast 2020",30426,177297,23644,NA,0,0,0,0,0,0,0,0,NA,NA,NA,NA,NA,NA,NA,NA,NA,NA,NA
"35","Northland",2019,"Northland 2019",382124,334733,NA,278060,NA,1821,598,133,2,107,9,58,706668.4,NA,NA,NA,NA,NA,NA,NA,NA,NA,NA
"36","Auckland",2019,"Auckland 2019",118180,123504,8733,NA,82,458,706,162,1748,1483,113,300,268632,NA,NA,NA,NA,NA,NA,NA,NA,NA,NA
"37","Waikato",2019,"Waikato 2019",546980,1822904,67226,1524498,110,75,616,NA,1518,1688,6,NA,1528315.7,NA,NA,NA,NA,NA,NA,NA,NA,NA,NA
"38","Bay of Plenty",2019,"Bay of Plenty 2019",106802,317633,NA,237906,50,1948,11791,NA,0,0,0,34,581936.8,NA,NA,NA,NA,NA,NA,NA,NA,NA,NA
"39","Gisborne",2019,"Gisborne 2019",254428,NA,NA,1380146,284,46,323,5,1,3,2282,1230,533264.6,NA,NA,NA,NA,NA,NA,NA,NA,NA,NA
"40","Hawke's Bay",2019,"Hawke's Bay 2019",448764,78002,61248,2876262,5854,NA,147,137,933,72,4306,3774,907310.9,NA,NA,NA,NA,NA,NA,NA,NA,NA,NA
"41","Taranaki",2019,"Taranaki 2019",125144,587033,3093,441933,3,26,2,0,NA,41,0,NA,452313,NA,NA,NA,NA,NA,NA,NA,NA,NA,NA
"42","Manawatu-Whanganui",2019,"Manawatu-Whanganui 2019",574889,467626,51268,4791398,NA,NA,221,NA,143,NA,14,32,1363691.6,NA,NA,NA,NA,NA,NA,NA,NA,NA,NA
"43","Wellington",2019,"Wellington 2019",149976,82779,8153,1434408,101,8,56,166,NA,NA,11,820,454627.8,NA,NA,NA,NA,NA,NA,NA,NA,NA,NA
"44","West Coast",2019,"West Coast 2019",31361,152552,22698,21197,0,0,0,0,0,0,0,NA,191725,NA,NA,NA,NA,NA,NA,NA,NA,NA,NA
"45","Canterbury",2019,"Canterbury 2019",524587,1212575,247735,4572719,254,NA,NA,75,1405,5380,25,1449,2575683.8,NA,NA,NA,NA,NA,NA,NA,NA,NA,NA
"46","Otago",2019,"Otago 2019",325432,352639,121391,4888402,545,12,0,15,2,140,0,1251,2139291,NA,NA,NA,NA,NA,NA,NA,NA,NA,NA
"47","Southland",2019,"Southland 2019",191503,636241,162380,3326557,NA,0,0,0,0,NA,0,NA,1054669.9,NA,NA,NA,NA,NA,NA,NA,NA,NA,NA
"48","Tasman",2019,"Tasman 2019",36912,64690,5749,234007,2424,6,454,53,78,7,18,859,213822,NA,NA,NA,NA,NA,NA,NA,NA,NA,NA
"49","Nelson",2019,"Nelson 2019",1566,NA,0,10222,NA,2,NA,NA,0,0,0,15,23418.4,NA,NA,NA,NA,NA,NA,NA,NA,NA,NA
"50","Marlborough",2019,"Marlborough 2019",64217,18223,5810,518125,20,0,NA,38,59,1,0,26091,511355.9,NA,NA,NA,NA,NA,NA,NA,NA,NA,NA
"51","Chatham Islands",2019,"Chatham Islands 2019",NA,0,0,NA,0,0,0,0,0,0,0,0,54448.5,NA,NA,NA,NA,NA,NA,NA,NA,NA,NA
"52","Auckland",2018,"Auckland 2018",113927,116199,11066,202415,NA,NA,NA,NA,NA,NA,NA,NA,NA,NA,NA,NA,NA,NA,NA,NA,NA,NA,NA
"53","Bay of Plenty",2018,"Bay of Plenty 2018",96287,306711,37044,232865,NA,NA,NA,NA,NA,NA,NA,NA,NA,NA,NA,NA,NA,NA,NA,NA,NA,NA,NA
"54","Canterbury",2018,"Canterbury 2018",512260,1326513,253162,4423195,NA,NA,NA,NA,NA,NA,NA,NA,NA,NA,NA,NA,NA,NA,NA,NA,NA,NA,NA
"55","Chatham Islands",2018,"Chatham Islands 2018",NA,0,0,NA,NA,NA,NA,NA,NA,NA,NA,NA,NA,NA,NA,NA,NA,NA,NA,NA,NA,NA,NA
"56","Gisborne",2018,"Gisborne 2018",261384,NA,NA,1457321,NA,NA,NA,NA,NA,NA,NA,NA,NA,NA,NA,NA,NA,NA,NA,NA,NA,NA,NA
"57","Hawke's Bay",2018,"Hawke's Bay 2018",428528,87267,56466,2850607,NA,NA,NA,NA,NA,NA,NA,NA,NA,NA,NA,NA,NA,NA,NA,NA,NA,NA,NA
"58","Manawatu-Whanganui",2018,"Manawatu-Whanganui 2018",554018,486470,56295,5060276,NA,NA,NA,NA,NA,NA,NA,NA,NA,NA,NA,NA,NA,NA,NA,NA,NA,NA,NA
"59","Marlborough",2018,"Marlborough 2018",57389,NA,4817,495942,NA,NA,NA,NA,NA,NA,NA,NA,NA,NA,NA,NA,NA,NA,NA,NA,NA,NA,NA
"60","Nelson",2018,"Nelson 2018",1107,NA,0,27286,NA,NA,NA,NA,NA,NA,NA,NA,NA,NA,NA,NA,NA,NA,NA,NA,NA,NA,NA
"61","Northland",2018,"Northland 2018",400489,367281,4084,279598,NA,NA,NA,NA,NA,NA,NA,NA,NA,NA,NA,NA,NA,NA,NA,NA,NA,NA,NA
"62","Otago",2018,"Otago 2018",296414,331151,119040,4937228,NA,NA,NA,NA,NA,NA,NA,NA,NA,NA,NA,NA,NA,NA,NA,NA,NA,NA,NA
"63","Southland",2018,"Southland 2018",172338,NA,183186,3487730,NA,NA,NA,NA,NA,NA,NA,NA,NA,NA,NA,NA,NA,NA,NA,NA,NA,NA,NA
"64","Taranaki",2018,"Taranaki 2018",116437,547910,2854,395142,NA,NA,NA,NA,NA,NA,NA,NA,NA,NA,NA,NA,NA,NA,NA,NA,NA,NA,NA
"65","Tasman",2018,"Tasman 2018",31913,77694,NA,246328,NA,NA,NA,NA,NA,NA,NA,NA,NA,NA,NA,NA,NA,NA,NA,NA,NA,NA,NA
"66","Waikato",2018,"Waikato 2018",517191,1814158,66615,1632001,NA,NA,NA,NA,NA,NA,NA,NA,NA,NA,NA,NA,NA,NA,NA,NA,NA,NA,NA
"67","Wellington",2018,"Wellington 2018",131828,79130,NA,1474219,NA,NA,NA,NA,NA,NA,NA,NA,NA,NA,NA,NA,NA,NA,NA,NA,NA,NA,NA
"68","West Coast",2018,"West Coast 2018",25376,143531,23648,NA,NA,NA,NA,NA,NA,NA,NA,NA,NA,NA,NA,NA,NA,NA,NA,NA,NA,NA,NA
"69","Northland",2017,"Northland 2017",382957,379401,4913,328033,20,1647,551,118,2,8,8,NA,724564.3,NA,NA,NA,NA,NA,NA,NA,NA,NA,NA
"70","Auckland",2017,"Auckland 2017",111948,132323,11284,253074,84,281,494,128,1919,2242,300,836,287639.4,NA,NA,NA,NA,NA,NA,NA,NA,NA,NA
"71","Waikato",2017,"Waikato 2017",488033,1871594,62714,1478921,144,101,412,34,1733,1280,84,15,1552321.4,NA,NA,NA,NA,NA,NA,NA,NA,NA,NA
"72","Bay of Plenty",2017,"Bay of Plenty 2017",104751,325175,32645,281535,67,1834,9227,26,0,0,0,75,610282,NA,NA,NA,NA,NA,NA,NA,NA,NA,NA
"73","Gisborne",2017,"Gisborne 2017",247238,9407,11859,1412045,186,48,282,NA,NA,NA,1920,1245,561325.7,NA,NA,NA,NA,NA,NA,NA,NA,NA,NA
"74","Hawke's Bay",2017,"Hawke's Bay 2017",421163,87675,51713,2794237,4746,20,121,120,963,236,3388,3616,872612.2,NA,NA,NA,NA,NA,NA,NA,NA,NA,NA
"75","Taranaki",2017,"Taranaki 2017",117954,590846,3999,497505,3,23,NA,NA,0,10,0,NA,451999.7,NA,NA,NA,NA,NA,NA,NA,NA,NA,NA
"76","Manawatu-Whanganui",2017,"Manawatu-Whanganui 2017",567856,463057,54965,5061676,NA,3,116,34,281,984,6,88,1423619.4,NA,NA,NA,NA,NA,NA,NA,NA,NA,NA
"77","Wellington",2017,"Wellington 2017",134924,96804,10637,1512079,102,8,10,181,1,2,1,832,455764,NA,NA,NA,NA,NA,NA,NA,NA,NA,NA
"78","West Coast",2017,"West Coast 2017",27422,156204,28340,40384,0,0,0,0,0,0,0,NA,187246.8,NA,NA,NA,NA,NA,NA,NA,NA,NA,NA
"79","Canterbury",2017,"Canterbury 2017",467550,1308058,238633,4473916,312,NA,NA,133,1001,4332,87,1769,2740335.7,NA,NA,NA,NA,NA,NA,NA,NA,NA,NA
"80","Otago",2017,"Otago 2017",262823,333850,115730,4586781,427,NA,NA,19,0,196,0,1173,2075906.4,NA,NA,NA,NA,NA,NA,NA,NA,NA,NA
"81","Southland",2017,"Southland 2017",175201,681011,192480,3987294,NA,NA,NA,0,0,140,0,NA,1179116.4,NA,NA,NA,NA,NA,NA,NA,NA,NA,NA
"82","Tasman",2017,"Tasman 2017",39805,66114,10348,261878,2400,8,440,72,46,9,1,980,216936.8,NA,NA,NA,NA,NA,NA,NA,NA,NA,NA
"83","Nelson",2017,"Nelson 2017",NA,2925,0,NA,0,NA,NA,0,NA,0,0,24,18292.9,NA,NA,NA,NA,NA,NA,NA,NA,NA,NA
"84","Marlborough",2017,"Marlborough 2017",52448,25315,6077,468697,21,0,0,50,33,1,0,23051,492406.6,NA,NA,NA,NA,NA,NA,NA,NA,NA,NA
"85","Chatham Islands",2017,"Chatham Islands 2017",11299,52,0,68914,0,0,0,0,0,0,0,0,50037.5,NA,NA,NA,NA,NA,NA,NA,NA,NA,NA
"86","Northland",2016,"Northland 2016",356823,404415,4824,366197,NA,NA,NA,NA,NA,NA,NA,NA,754226,212271,377,189190,6439,8943,239,NA,4479,326997,3718
"87","Auckland",2016,"Auckland 2016",121690,165417,10124,202200,NA,NA,NA,NA,NA,NA,NA,NA,280916,75527,665,49912,5265,4138,489,NA,11247,121602,7700
"88","Waikato",2016,"Waikato 2016",498662,1855170,63811,1666388,NA,NA,NA,NA,NA,NA,NA,NA,1627293,706531,618,261873,3558,36382,394,NA,26526,577192,6231
"89","Bay of Plenty",2016,"Bay of Plenty 2016",92583,339170,32580,263380,NA,NA,NA,NA,NA,NA,NA,NA,593234,120104,NA,313370,27006,6408,272,NA,4381,115895,210
"90","Gisborne",2016,"Gisborne 2016",243273,11950,8358,1515181,NA,NA,NA,NA,NA,NA,NA,NA,574586,NA,NA,156676,5436,6024,NA,2770,1807,392551,8123
"91","Hawke's Bay",2016,"Hawke's Bay 2016",434837,90854,63862,2872524,NA,NA,NA,NA,NA,NA,NA,NA,920805,28950,29,132330,16245,16060,165,NA,20378,694848,9351
"92","Taranaki",2016,"Taranaki 2016",106619,555532,NA,434333,NA,NA,NA,NA,NA,NA,NA,NA,431661,204116,24,30050,118,8661,328,NA,1753,184598,NA
"93","Manawatu-Whanganui",2016,"Manawatu-Whanganui 2016",543526,524295,47158,5040174,NA,NA,NA,NA,NA,NA,NA,NA,1413349,205442,184,122293,1004,23113,500,NA,17751,1031675,7307
"94","Wellington",2016,"Wellington 2016",110801,110543,17772,1333163,NA,NA,NA,NA,NA,NA,NA,NA,445321,45301,23,57909,2795,15459,203,NA,7056,313575,413
"95","West Coast",2016,"West Coast 2016",31902,180956,28825,23148,NA,NA,NA,NA,NA,NA,NA,NA,188852,105925,NA,21466,NA,4431,NA,NA,NA,40266,NA
"96","Canterbury",2016,"Canterbury 2016",465462,1271057,232947,4584936,NA,NA,NA,NA,NA,NA,NA,NA,2598424,419078,639,94453,5380,216344,410,NA,111710,1723270,24596
"97","Otago",2016,"Otago 2016",256178,312087,112240,4818842,NA,NA,NA,NA,NA,NA,NA,NA,2171748,137657,NA,109642,6702,43311,85,NA,61926,1807085,558
"98","Southland",2016,"Southland 2016",169251,708895,185664,3711484,NA,NA,NA,NA,NA,NA,NA,NA,1176256,301979,NA,75183,NA,51802,NA,NA,45439,699141,736
"99","Tasman",2016,"Tasman 2016",36642,60980,15245,253149,NA,NA,NA,NA,NA,NA,NA,NA,226577,42828,98,89495,9030,5114,288,NA,3362,74436,743
"100","Nelson",2016,"Nelson 2016",1692,2330,0,4729,NA,NA,NA,NA,NA,NA,NA,NA,12773,NA,NA,NA,136,NA,NA,NA,NA,2132,NA
"101","Marlborough",2016,"Marlborough 2016",54063,25148,NA,434222,NA,NA,NA,NA,NA,NA,NA,NA,525327,18366,18,72273,31780,2587,16,NA,6758,391724,NA
"102","Chatham Islands",2016,"Chatham Islands 2016",9051,0,NA,59622,NA,NA,NA,NA,NA,NA,NA,NA,50551,NA,NA,NA,NA,NA,NA,NA,NA,47423,NA
"103","Auckland",2015,"Auckland 2015",111292,124668,8805,240830,NA,NA,NA,NA,NA,NA,NA,NA,NA,NA,NA,NA,NA,NA,NA,NA,NA,NA,NA
"104","Bay of Plenty",2015,"Bay of Plenty 2015",90768,357039,32512,302986,NA,NA,NA,NA,NA,NA,NA,NA,NA,NA,NA,NA,NA,NA,NA,NA,NA,NA,NA
"105","Canterbury",2015,"Canterbury 2015",440598,1253993,243121,4501137,NA,NA,NA,NA,NA,NA,NA,NA,NA,NA,NA,NA,NA,NA,NA,NA,NA,NA,NA
"106","Chatham Islands",2015,"Chatham Islands 2015",10462,0,0,73763,NA,NA,NA,NA,NA,NA,NA,NA,NA,NA,NA,NA,NA,NA,NA,NA,NA,NA,NA
"107","Gisborne",2015,"Gisborne 2015",244826,10341,12925,1472423,NA,NA,NA,NA,NA,NA,NA,NA,NA,NA,NA,NA,NA,NA,NA,NA,NA,NA,NA
"108","Hawke's Bay",2015,"Hawke's Bay 2015",441919,81738,69399,3028852,NA,NA,NA,NA,NA,NA,NA,NA,NA,NA,NA,NA,NA,NA,NA,NA,NA,NA,NA
"109","Manawatu-Whanganui",2015,"Manawatu-Whanganui 2015",567333,451421,62298,5518950,NA,NA,NA,NA,NA,NA,NA,NA,NA,NA,NA,NA,NA,NA,NA,NA,NA,NA,NA
"110","Marlborough",2015,"Marlborough 2015",54266,27040,7124,453191,NA,NA,NA,NA,NA,NA,NA,NA,NA,NA,NA,NA,NA,NA,NA,NA,NA,NA,NA
"111","Nelson",2015,"Nelson 2015",2490,8459,0,8531,NA,NA,NA,NA,NA,NA,NA,NA,NA,NA,NA,NA,NA,NA,NA,NA,NA,NA,NA
"112","Northland",2015,"Northland 2015",354569,380616,4748,381256,NA,NA,NA,NA,NA,NA,NA,NA,NA,NA,NA,NA,NA,NA,NA,NA,NA,NA,NA
"113","Otago",2015,"Otago 2015",272686,384979,126191,5120190,NA,NA,NA,NA,NA,NA,NA,NA,NA,NA,NA,NA,NA,NA,NA,NA,NA,NA,NA
"114","Southland",2015,"Southland 2015",164718,731209,197881,4072964,NA,NA,NA,NA,NA,NA,NA,NA,NA,NA,NA,NA,NA,NA,NA,NA,NA,NA,NA
"115","Taranaki",2015,"Taranaki 2015",128274,541931,NA,499840,NA,NA,NA,NA,NA,NA,NA,NA,NA,NA,NA,NA,NA,NA,NA,NA,NA,NA,NA
"116","Tasman",2015,"Tasman 2015",41531,77863,12732,354757,NA,NA,NA,NA,NA,NA,NA,NA,NA,NA,NA,NA,NA,NA,NA,NA,NA,NA,NA
"117","Waikato",2015,"Waikato 2015",463518,1761949,69525,1646010,NA,NA,NA,NA,NA,NA,NA,NA,NA,NA,NA,NA,NA,NA,NA,NA,NA,NA,NA
"118","Wellington",2015,"Wellington 2015",121431,109992,20255,1420470,NA,NA,NA,NA,NA,NA,NA,NA,NA,NA,NA,NA,NA,NA,NA,NA,NA,NA,NA
"119","West Coast",2015,"West Coast 2015",36547,182298,29273,24679,NA,NA,NA,NA,NA,NA,NA,NA,NA,NA,NA,NA,NA,NA,NA,NA,NA,NA,NA
"120","Auckland",2014,"Auckland 2014",119267,100086,5595,215932,142,155,356.5,187,1449,1185,NA,722,NA,NA,NA,NA,NA,NA,NA,NA,NA,NA,NA
"121","Bay of Plenty",2014,"Bay of Plenty 2014",87783,333375,35251,250299,13,1958,8456.3,NA,NA,NA,NA,NA,NA,NA,NA,NA,NA,NA,NA,NA,NA,NA,NA
"122","Canterbury",2014,"Canterbury 2014",447244,1333220,253234,4966905,NA,NA,NA,196,715,4253,NA,1415,NA,NA,NA,NA,NA,NA,NA,NA,NA,NA,NA
"123","Chatham Islands",2014,"Chatham Islands 2014",9926,0,0,62234,0,0,0,0,0,0,0,0,NA,NA,NA,NA,NA,NA,NA,NA,NA,NA,NA
"124","Gisborne",2014,"Gisborne 2014",277484,15153,17871,1602270,87,59,269,0,NA,NA,2070,1759,NA,NA,NA,NA,NA,NA,NA,NA,NA,NA,NA
"125","Hawke's Bay",2014,"Hawke's Bay 2014",441575,98100,53022,2872852,4859,50,250,195,817,268,3257,4856,NA,NA,NA,NA,NA,NA,NA,NA,NA,NA,NA
"126","Manawatu-Whanganui",2014,"Manawatu-Whanganui 2014",580988,481249,74038,5328843,25,NA,149,38,377,1263,NA,NA,NA,NA,NA,NA,NA,NA,NA,NA,NA,NA,NA
"127","Marlborough",2014,"Marlborough 2014",59967,40945,7109,544578,NA,NA,NA,129,0,NA,0,21732,NA,NA,NA,NA,NA,NA,NA,NA,NA,NA,NA
"128","Nelson",2014,"Nelson 2014",1529,NA,0,8925,0,0,NA,0,NA,0,NA,NA,NA,NA,NA,NA,NA,NA,NA,NA,NA,NA,NA
"129","Northland",2014,"Northland 2014",349850,352834,2931,331251,25,1450,447.2,150,NA,NA,NA,NA,NA,NA,NA,NA,NA,NA,NA,NA,NA,NA,NA
"130","Otago",2014,"Otago 2014",293251,376743,138933,5257716,482,0,NA,25,NA,47,0,1193,NA,NA,NA,NA,NA,NA,NA,NA,NA,NA,NA
"131","Southland",2014,"Southland 2014",173957,700039,223025,4299214,0,0,NA,0,NA,NA,0,NA,NA,NA,NA,NA,NA,NA,NA,NA,NA,NA,NA
"132","Taranaki",2014,"Taranaki 2014",129775,585948,NA,502255,NA,48,NA,NA,0,15,0,0,NA,NA,NA,NA,NA,NA,NA,NA,NA,NA,NA
"133","Tasman",2014,"Tasman 2014",38788,77972,14535,242694,2366,8,433,107,36,10,14,869,NA,NA,NA,NA,NA,NA,NA,NA,NA,NA,NA
"134","Waikato",2014,"Waikato 2014",469331,1914483,75315,1699244,135,122,479,49,1605,1758,504,NA,NA,NA,NA,NA,NA,NA,NA,NA,NA,NA,NA
"135","Wellington",2014,"Wellington 2014",148369,97599,20727,1559548,NA,NA,NA,215,NA,NA,NA,865,NA,NA,NA,NA,NA,NA,NA,NA,NA,NA,NA
"136","West Coast",2014,"West Coast 2014",40777,188417,31428,58642,0,0,0,0,0,0,0,0,NA,NA,NA,NA,NA,NA,NA,NA,NA,NA,NA
"137","Auckland",2013,"Auckland 2013",115826,110288,10869,212437,NA,NA,NA,NA,NA,NA,NA,NA,NA,NA,NA,NA,NA,NA,NA,NA,NA,NA,NA
"138","Bay of Plenty",2013,"Bay of Plenty 2013",92984,314679,38554,312593,NA,NA,NA,NA,NA,NA,NA,NA,NA,NA,NA,NA,NA,NA,NA,NA,NA,NA,NA
"139","Canterbury",2013,"Canterbury 2013",492844,1304618,287603,5222094,NA,NA,NA,NA,NA,NA,NA,NA,NA,NA,NA,NA,NA,NA,NA,NA,NA,NA,NA
"140","Chatham Islands",2013,"Chatham Islands 2013",10050,0,0,66956,NA,NA,NA,NA,NA,NA,NA,NA,NA,NA,NA,NA,NA,NA,NA,NA,NA,NA,NA
"141","Gisborne",2013,"Gisborne 2013",260456,19332,18833,1503378,NA,NA,NA,NA,NA,NA,NA,NA,NA,NA,NA,NA,NA,NA,NA,NA,NA,NA,NA
"142","Hawke's Bay",2013,"Hawke's Bay 2013",433768,95098,69350,2996560,NA,NA,NA,NA,NA,NA,NA,NA,NA,NA,NA,NA,NA,NA,NA,NA,NA,NA,NA
"143","Manawatu-Whanganui",2013,"Manawatu-Whanganui 2013",570144,448030,75840,5469819,NA,NA,NA,NA,NA,NA,NA,NA,NA,NA,NA,NA,NA,NA,NA,NA,NA,NA,NA
"144","Marlborough",2013,"Marlborough 2013",60172,27811,8072,518372,NA,NA,NA,NA,NA,NA,NA,NA,NA,NA,NA,NA,NA,NA,NA,NA,NA,NA,NA
"145","Nelson",2013,"Nelson 2013",1206,1259,0,6032,NA,NA,NA,NA,NA,NA,NA,NA,NA,NA,NA,NA,NA,NA,NA,NA,NA,NA,NA
"146","Northland",2013,"Northland 2013",396376,383057,4744,427281,NA,NA,NA,NA,NA,NA,NA,NA,NA,NA,NA,NA,NA,NA,NA,NA,NA,NA,NA
"147","Otago",2013,"Otago 2013",276545,367292,143235,5325322,NA,NA,NA,NA,NA,NA,NA,NA,NA,NA,NA,NA,NA,NA,NA,NA,NA,NA,NA
"148","Southland",2013,"Southland 2013",168031,615428,221388,4390785,NA,NA,NA,NA,NA,NA,NA,NA,NA,NA,NA,NA,NA,NA,NA,NA,NA,NA,NA
"149","Taranaki",2013,"Taranaki 2013",118526,595014,6029,537355,NA,NA,NA,NA,NA,NA,NA,NA,NA,NA,NA,NA,NA,NA,NA,NA,NA,NA,NA
"150","Tasman",2013,"Tasman 2013",42268,76283,14259,265858,NA,NA,NA,NA,NA,NA,NA,NA,NA,NA,NA,NA,NA,NA,NA,NA,NA,NA,NA
"151","Waikato",2013,"Waikato 2013",501614,1837858,78947,1926059,NA,NA,NA,NA,NA,NA,NA,NA,NA,NA,NA,NA,NA,NA,NA,NA,NA,NA,NA
"152","Wellington",2013,"Wellington 2013",131471,108647,17936,1572985,NA,NA,NA,NA,NA,NA,NA,NA,NA,NA,NA,NA,NA,NA,NA,NA,NA,NA,NA
"153","West Coast",2013,"West Coast 2013",26242,178907,32726,32876,NA,NA,NA,NA,NA,NA,NA,NA,NA,NA,NA,NA,NA,NA,NA,NA,NA,NA,NA
"154","Northland",2012,"Northland 2012",380719,397764,5158,440955,17,1547,574,201,NA,22,NA,82,765155,208185,NA,179599,6755,7014,176,2977,6593,350225,3631
"155","Auckland",2012,"Auckland 2012",117458,117281,12647,205270,96,148,363,250,1621,1444,NA,300,228072,51350,NA,40245,4234,6982,283,1750,7566,108354,7308
"156","Waikato",2012,"Waikato 2012",505869,1832380,81019,1776544,141,176,726,55,1837,2074,NA,26,1593934,649172,NA,262637,3613,36243,88,2783,24291,607654,7453
"157","Bay of Plenty",2012,"Bay of Plenty 2012",93357,312326,42156,322882,5,2081,9912,42,NA,NA,NA,NA,555490,119248,NA,260398,25508,10456,166,1323,16295,121702,395
"158","Gisborne",2012,"Gisborne 2012",267599,17095,17323,1547294,110,60,326,NA,NA,NA,2406,1685,625921,NA,NA,164976,5849,3842,NA,138,3470,436694,5331
"159","Hawke's Bay",2012,"Hawke's Bay 2012",471010,93047,69977,3262468,5115,28,222,321,662,589,3248,4936,918270,23468,NA,127843,16127,9549,33,1006,15462,713565,11218
"160","Taranaki",2012,"Taranaki 2012",103546,604383,3756,434402,NA,62,0,NA,NA,23,NA,NA,442021,218965,NA,25409,178,7244,NA,365,2521,186893,NA
"161","Manawatu-Whanganui",2012,"Manawatu-Whanganui 2012",579565,475466,74033,5612743,34,22,NA,43,392,1260,241,8,1429233,195028,NA,116541,752,24267,95,1570,19806,1063633,7540
"162","Wellington",2012,"Wellington 2012",140420,108174,13933,1664892,NA,16,NA,216,NA,19,NA,895,480327,50648,NA,69307,2007,8754,NA,1166,5261,342005,NA
"163","West Coast",2012,"West Coast 2012",29002,173651,34176,58085,NA,0,0,0,0,0,0,0,196635,90938,NA,NA,151,4205,NA,NA,NA,58304,10
"164","Canterbury",2012,"Canterbury 2012",470746,1200293,291783,5348010,226,NA,NA,240,1035,5754,NA,1550,2801462,347164,NA,129815,8686,228887,NA,NA,104730,1946946,25562
"165","Otago",2012,"Otago 2012",290398,336278,153224,5342846,459,NA,0,22,4,153,NA,1577,2320563,137218,NA,120049,8537,26950,15,862,64141,1962180,612
"166","Southland",2012,"Southland 2012",172150,670581,238402,4356427,NA,0,0,0,NA,210,0,NA,1201569,261066,NA,73362,286,30440,NA,NA,54546,779284,1412
"167","Tasman",2012,"Tasman 2012",40149,71956,15540,276877,2496,7,497,129,55,13,14,821,238762,39881,NA,102352,10038,2133,11,922,4443,78268,714
"168","Nelson",2012,"Nelson 2012",NA,NA,NA,6466,NA,0,NA,0,NA,NA,NA,NA,16363,NA,NA,13618,214,NA,NA,NA,NA,1418,NA
"169","Marlborough",2012,"Marlborough 2012",60127,33218,NA,547180,18,NA,NA,134,NA,2,NA,22627,523750,15807,NA,77152,34734,3552,4,138,3067,388078,1217
"170","Chatham Islands",2012,"Chatham Islands 2012",NA,NA,0,59374,0,0,0,0,0,NA,0,0,NA,NA,NA,NA,NA,NA,NA,NA,NA,56214,NA
"171","Auckland",2011,"Auckland 2011",120337,129768,10593,219952,144,148,435,244,1463,1049,NA,551,NA,NA,NA,NA,NA,NA,NA,NA,NA,NA,NA
"172","Bay of Plenty",2011,"Bay of Plenty 2011",83793,331536,42471,284954,9,1925,10229,NA,NA,2,NA,NA,NA,NA,NA,NA,NA,NA,NA,NA,NA,NA,NA
"173","Canterbury",2011,"Canterbury 2011",517760,1006742,305960,5569215,217,NA,NA,340,812,5197,NA,1817,NA,NA,NA,NA,NA,NA,NA,NA,NA,NA,NA
"174","Chatham Islands",2011,"Chatham Islands 2011",NA,NA,NA,62861,NA,NA,NA,NA,NA,NA,NA,NA,NA,NA,NA,NA,NA,NA,NA,NA,NA,NA,NA
"175","Gisborne",2011,"Gisborne 2011",272017,17806,17196,1517015,105,65,321,2,36,NA,2300,1807,NA,NA,NA,NA,NA,NA,NA,NA,NA,NA,NA
"176","Hawke's Bay",2011,"Hawke's Bay 2011",488087,90655,63512,3266872,5135,28,205,273,805,419,3152,4810,NA,NA,NA,NA,NA,NA,NA,NA,NA,NA,NA
"177","Manawatu-Whanganui",2011,"Manawatu-Whanganui 2011",593632,472992,87969,5730947,20,NA,NA,44,281,1214,88,NA,NA,NA,NA,NA,NA,NA,NA,NA,NA,NA,NA
"178","Marlborough",2011,"Marlborough 2011",51103,30012,NA,425299,NA,NA,NA,150,NA,5,NA,21219,NA,NA,NA,NA,NA,NA,NA,NA,NA,NA,NA
"179","Nelson",2011,"Nelson 2011",NA,NA,NA,13743,86,NA,NA,NA,NA,NA,NA,NA,NA,NA,NA,NA,NA,NA,NA,NA,NA,NA,NA
"180","Northland",2011,"Northland 2011",402434,384636,3474,400480,29,1496,510,205,5,NA,5,109,NA,NA,NA,NA,NA,NA,NA,NA,NA,NA,NA
"181","Otago",2011,"Otago 2011",268322,307817,161911,5203236,468,NA,NA,NA,NA,134,NA,1773,NA,NA,NA,NA,NA,NA,NA,NA,NA,NA,NA
"182","Southland",2011,"Southland 2011",173798,614648,243877,4112930,NA,NA,NA,NA,NA,NA,NA,NA,NA,NA,NA,NA,NA,NA,NA,NA,NA,NA,NA
"183","Taranaki",2011,"Taranaki 2011",118632,625315,5389,556982,NA,68,NA,NA,NA,NA,NA,NA,NA,NA,NA,NA,NA,NA,NA,NA,NA,NA,NA
"184","Tasman",2011,"Tasman 2011",46355,72803,13671,249640,2447,NA,542,134,NA,7,NA,809,NA,NA,NA,NA,NA,NA,NA,NA,NA,NA,NA
"185","Waikato",2011,"Waikato 2011",515358,1795785,76961,1838297,162,NA,659,59,1687,2226,121,31,NA,NA,NA,NA,NA,NA,NA,NA,NA,NA,NA
"186","Wellington",2011,"Wellington 2011",150561,114120,17367,1645127,NA,30,NA,222,12,17,NA,849,NA,NA,NA,NA,NA,NA,NA,NA,NA,NA,NA
"187","West Coast",2011,"West Coast 2011",29531,179308,30414,34778,NA,NA,NA,NA,NA,NA,NA,NA,NA,NA,NA,NA,NA,NA,NA,NA,NA,NA,NA
"188","Auckland",2010,"Auckland 2010",133998,98416,NA,235414,NA,NA,NA,NA,NA,NA,NA,NA,NA,NA,NA,NA,NA,NA,NA,NA,NA,NA,NA
"189","Bay of Plenty",2010,"Bay of Plenty 2010",82840,306884,44893,347973,NA,NA,NA,NA,NA,NA,NA,NA,NA,NA,NA,NA,NA,NA,NA,NA,NA,NA,NA
"190","Canterbury",2010,"Canterbury 2010",486385,938453,319907,5652101,NA,NA,NA,NA,NA,NA,NA,NA,NA,NA,NA,NA,NA,NA,NA,NA,NA,NA,NA
"191","Chatham Islands",2010,"Chatham Islands 2010",13809,NA,NA,67267,NA,NA,NA,NA,NA,NA,NA,NA,NA,NA,NA,NA,NA,NA,NA,NA,NA,NA,NA
"192","Gisborne",2010,"Gisborne 2010",262073,10535,15093,1589785,NA,NA,NA,NA,NA,NA,NA,NA,NA,NA,NA,NA,NA,NA,NA,NA,NA,NA,NA
"193","Hawke's Bay",2010,"Hawke's Bay 2010",454204,113465,66573,3429382,NA,NA,NA,NA,NA,NA,NA,NA,NA,NA,NA,NA,NA,NA,NA,NA,NA,NA,NA
"194","Manawatu-Whanganui",2010,"Manawatu-Whanganui 2010",626533,478514,75437,5796023,NA,NA,NA,NA,NA,NA,NA,NA,NA,NA,NA,NA,NA,NA,NA,NA,NA,NA,NA
"195","Marlborough",2010,"Marlborough 2010",60852,25980,8562,522176,NA,NA,NA,NA,NA,NA,NA,NA,NA,NA,NA,NA,NA,NA,NA,NA,NA,NA,NA
"196","Nelson",2010,"Nelson 2010",1471,NA,NA,11974,NA,NA,NA,NA,NA,NA,NA,NA,NA,NA,NA,NA,NA,NA,NA,NA,NA,NA,NA
"197","Northland",2010,"Northland 2010",465169,353314,6663,430740,NA,NA,NA,NA,NA,NA,NA,NA,NA,NA,NA,NA,NA,NA,NA,NA,NA,NA,NA
"198","Otago",2010,"Otago 2010",280997,262417,168696,5323860,NA,NA,NA,NA,NA,NA,NA,NA,NA,NA,NA,NA,NA,NA,NA,NA,NA,NA,NA
"199","Southland",2010,"Southland 2010",186157,599198,245975,4597335,NA,NA,NA,NA,NA,NA,NA,NA,NA,NA,NA,NA,NA,NA,NA,NA,NA,NA,NA
"200","Taranaki",2010,"Taranaki 2010",133687,645891,4468,583467,NA,NA,NA,NA,NA,NA,NA,NA,NA,NA,NA,NA,NA,NA,NA,NA,NA,NA,NA
"201","Tasman",2010,"Tasman 2010",49783,71088,15222,317299,NA,NA,NA,NA,NA,NA,NA,NA,NA,NA,NA,NA,NA,NA,NA,NA,NA,NA,NA
"202","Waikato",2010,"Waikato 2010",535350,1757624,83952,1982414,NA,NA,NA,NA,NA,NA,NA,NA,NA,NA,NA,NA,NA,NA,NA,NA,NA,NA,NA
"203","Wellington",2010,"Wellington 2010",143398,92375,18819,1633879,NA,NA,NA,NA,NA,NA,NA,NA,NA,NA,NA,NA,NA,NA,NA,NA,NA,NA,NA
"204","West Coast",2010,"West Coast 2010",31816,160791,32325,41523,NA,NA,NA,NA,NA,NA,NA,NA,NA,NA,NA,NA,NA,NA,NA,NA,NA,NA,NA
"205","Auckland",2009,"Auckland 2009",135008,94391,NA,257248,121,90,NA,227,1818,1508,NA,392,NA,NA,NA,NA,NA,NA,NA,NA,NA,NA,NA
"206","Bay of Plenty",2009,"Bay of Plenty 2009",109541,299696,46053,331049,NA,2156,10216,114,NA,NA,NA,NA,NA,NA,NA,NA,NA,NA,NA,NA,NA,NA,NA
"207","Canterbury",2009,"Canterbury 2009",529467,918480,323257,5504718,180,NA,NA,NA,672,4336,NA,1599,NA,NA,NA,NA,NA,NA,NA,NA,NA,NA,NA
"208","Chatham Islands",2009,"Chatham Islands 2009",13374,NA,NA,NA,NA,NA,NA,NA,NA,NA,NA,NA,NA,NA,NA,NA,NA,NA,NA,NA,NA,NA,NA
"209","Gisborne",2009,"Gisborne 2009",249657,NA,22545,1548344,116,59,273,18,NA,NA,1589,2217,NA,NA,NA,NA,NA,NA,NA,NA,NA,NA,NA
"210","Hawke's Bay",2009,"Hawke's Bay 2009",436207,93871,73887,3445616,5409,NA,240,282,427,1031,4191,5328,NA,NA,NA,NA,NA,NA,NA,NA,NA,NA,NA
"211","Manawatu-Whanganui",2009,"Manawatu-Whanganui 2009",609701,424880,76299,5767131,24,NA,141,37,NA,NA,NA,15,NA,NA,NA,NA,NA,NA,NA,NA,NA,NA,NA
"212","Marlborough",2009,"Marlborough 2009",NA,NA,8099,516391,34,NA,NA,197,NA,NA,NA,19577,NA,NA,NA,NA,NA,NA,NA,NA,NA,NA,NA
"213","Nelson",2009,"Nelson 2009",NA,NA,NA,4673,NA,NA,NA,NA,NA,NA,NA,NA,NA,NA,NA,NA,NA,NA,NA,NA,NA,NA,NA
"214","Northland",2009,"Northland 2009",485231,392577,5596,429401,46,1544,600,265,NA,19,4,130,NA,NA,NA,NA,NA,NA,NA,NA,NA,NA,NA
"215","Otago",2009,"Otago 2009",291585,257049,166424,5281730,572,NA,NA,23,NA,139,NA,2018,NA,NA,NA,NA,NA,NA,NA,NA,NA,NA,NA
"216","Southland",2009,"Southland 2009",214927,589184,242288,4556206,NA,NA,NA,NA,NA,NA,NA,NA,NA,NA,NA,NA,NA,NA,NA,NA,NA,NA,NA
"217","Taranaki",2009,"Taranaki 2009",126336,607436,4296,537850,NA,59,NA,NA,NA,NA,NA,NA,NA,NA,NA,NA,NA,NA,NA,NA,NA,NA,NA
"218","Tasman",2009,"Tasman 2009",59543,86531,13039,327770,2382,11,635,139,30,NA,11,1120,NA,NA,NA,NA,NA,NA,NA,NA,NA,NA,NA
"219","Waikato",2009,"Waikato 2009",598002,1786579,97508,2101906,223,NA,786,42,1265,2092,NA,46,NA,NA,NA,NA,NA,NA,NA,NA,NA,NA,NA
"220","Wellington",2009,"Wellington 2009",146794,85331,16062,1659327,109,NA,NA,NA,11,NA,NA,924,NA,NA,NA,NA,NA,NA,NA,NA,NA,NA,NA
"221","West Coast",2009,"West Coast 2009",35892,179416,40162,42889,NA,NA,NA,NA,NA,NA,NA,NA,NA,NA,NA,NA,NA,NA,NA,NA,NA,NA,NA
"222","Auckland",2008,"Auckland 2008",143366,115883,12240,264979,NA,NA,NA,NA,NA,NA,NA,NA,NA,NA,NA,NA,NA,NA,NA,NA,NA,NA,NA
"223","Bay of Plenty",2008,"Bay of Plenty 2008",102682,315183,51995,346445,NA,NA,NA,NA,NA,NA,NA,NA,NA,NA,NA,NA,NA,NA,NA,NA,NA,NA,NA
"224","Canterbury",2008,"Canterbury 2008",533665,831666,340882,6063300,NA,NA,NA,NA,NA,NA,NA,NA,NA,NA,NA,NA,NA,NA,NA,NA,NA,NA,NA
"225","Chatham Islands",2008,"Chatham Islands 2008",12327,NA,NA,64202,NA,NA,NA,NA,NA,NA,NA,NA,NA,NA,NA,NA,NA,NA,NA,NA,NA,NA,NA
"226","Gisborne",2008,"Gisborne 2008",287079,16432,23261,1679670,NA,NA,NA,NA,NA,NA,NA,NA,NA,NA,NA,NA,NA,NA,NA,NA,NA,NA,NA
"227","Hawke's Bay",2008,"Hawke's Bay 2008",493393,99931,84426,3690843,NA,NA,NA,NA,NA,NA,NA,NA,NA,NA,NA,NA,NA,NA,NA,NA,NA,NA,NA
"228","Manawatu-Whanganui",2008,"Manawatu-Whanganui 2008",583129,425484,84417,5916784,NA,NA,NA,NA,NA,NA,NA,NA,NA,NA,NA,NA,NA,NA,NA,NA,NA,NA,NA
"229","Marlborough",2008,"Marlborough 2008",56859,33544,NA,517526,NA,NA,NA,NA,NA,NA,NA,NA,NA,NA,NA,NA,NA,NA,NA,NA,NA,NA,NA
"230","Nelson",2008,"Nelson 2008",1522,NA,NA,8671,NA,NA,NA,NA,NA,NA,NA,NA,NA,NA,NA,NA,NA,NA,NA,NA,NA,NA,NA
"231","Northland",2008,"Northland 2008",507540,392193,6564,504286,NA,NA,NA,NA,NA,NA,NA,NA,NA,NA,NA,NA,NA,NA,NA,NA,NA,NA,NA
"232","Otago",2008,"Otago 2008",291234,232905,166856,5343380,NA,NA,NA,NA,NA,NA,NA,NA,NA,NA,NA,NA,NA,NA,NA,NA,NA,NA,NA
"233","Southland",2008,"Southland 2008",190562,495971,270072,4739003,NA,NA,NA,NA,NA,NA,NA,NA,NA,NA,NA,NA,NA,NA,NA,NA,NA,NA,NA
"234","Taranaki",2008,"Taranaki 2008",132092,571505,3524,637400,NA,NA,NA,NA,NA,NA,NA,NA,NA,NA,NA,NA,NA,NA,NA,NA,NA,NA,NA
"235","Tasman",2008,"Tasman 2008",49869,70689,19307,NA,NA,NA,NA,NA,NA,NA,NA,NA,NA,NA,NA,NA,NA,NA,NA,NA,NA,NA,NA
"236","Waikato",2008,"Waikato 2008",576461,1717421,91865,2168673,NA,NA,NA,NA,NA,NA,NA,NA,NA,NA,NA,NA,NA,NA,NA,NA,NA,NA,NA
"237","Wellington",2008,"Wellington 2008",140381,103525,16871,1779247,NA,NA,NA,NA,NA,NA,NA,NA,NA,NA,NA,NA,NA,NA,NA,NA,NA,NA,NA
"238","West Coast",2008,"West Coast 2008",34713,152869,34955,43156,NA,NA,NA,NA,NA,NA,NA,NA,NA,NA,NA,NA,NA,NA,NA,NA,NA,NA,NA
"239","Northland",2007,"Northland 2007",495833,367183,7566,534452,30,1325,634,231,NA,31,25,121,764543,189597,NA,169121,8233,4056,127,1804,7872,377557,6175
"240","Auckland",2007,"Auckland 2007",156787,113344,12304,287589,179,130,309,290,1531,1316,251,411,244981,48943,NA,39816,5330,3929,156,1538,16292,121367,7610
"241","Waikato",2007,"Waikato 2007",676584,1669472,116554,2660145,228,144,753,79,1477,2022,NA,133,1600354,557888,NA,286767,4287,28555,95,2895,33583,675307,10976
"242","Bay of Plenty",2007,"Bay of Plenty 2007",119743,299013,54296,385373,8,2210,10108,56,NA,NA,NA,25,531459,103245,NA,267181,26058,4946,85,1227,19135,108749,835
"243","Gisborne",2007,"Gisborne 2007",287296,7891,26694,1825496,190,58,284,6,NA,NA,2773,1812,614524,NA,NA,174818,6917,6649,NA,264,2405,415266,5406
"244","Hawke's Bay",2007,"Hawke's Bay 2007",438366,80200,88408,3624018,5206,31,220,317,517,491,3117,4930,951986,26453,NA,137516,18659,7231,NA,NA,16438,727944,17074
"245","Taranaki",2007,"Taranaki 2007",136715,589573,4456,656144,1,68,NA,NA,NA,18,NA,NA,470218,205346,NA,33808,716,8361,NA,523,2918,218238,NA
"246","Manawatu-Whanganui",2007,"Manawatu-Whanganui 2007",680960,393453,103908,6746989,35,19,138,NA,319,1578,841,10,1417246,149276,NA,110310,864,12624,37,1624,23616,1108725,10169
"247","Wellington",2007,"Wellington 2007",155910,92787,15985,1822057,127,8,NA,254,NA,NA,NA,860,490634,42506,NA,71129,2283,3418,7,607,10044,359637,1004
"248","West Coast",2007,"West Coast 2007",30275,152481,41755,54094,NA,NA,NA,NA,NA,NA,NA,NA,200126,93609,NA,NA,151,2508,NA,NA,15818,50784,111
"249","Canterbury",2007,"Canterbury 2007",584806,754937,394833,7166822,249,NA,NA,437,686,4273,NA,1683,3080261,226825,NA,134039,8606,194363,99,4550,135390,2349426,26963
"250","Otago",2007,"Otago 2007",292355,218264,188103,6031166,472,NA,NA,44,NA,168,NA,1642,2331143,87009,NA,120235,8216,18429,24,837,97204,1995221,3966
"251","Southland",2007,"Southland 2007",207588,432642,307524,5662387,NA,NA,NA,NA,NA,63,NA,NA,1178136,173154,NA,74099,NA,19099,NA,2079,68138,839345,1726
"252","Tasman",2007,"Tasman 2007",51428,63849,20632,348485,2438,9,614,148,26,39,NA,805,253307,38606,NA,102795,12274,NA,NA,417,10392,86479,542
"253","Nelson",2007,"Nelson 2007",1298,1862,NA,7639,NA,NA,NA,NA,NA,NA,NA,NA,17528,NA,NA,14056,NA,NA,NA,44,NA,1844,NA
"254","Marlborough",2007,"Marlborough 2007",65768,23899,NA,578805,25,NA,NA,240,NA,NA,NA,17169,507119,16461,NA,77202,33683,2350,NA,NA,5250,368985,3002
"255","Chatham Islands",2007,"Chatham Islands 2007",11905,NA,NA,68816,NA,NA,NA,NA,NA,NA,NA,NA,NA,NA,NA,NA,NA,NA,NA,NA,NA,43489,NA
"256","Auckland",2006,"Auckland 2006",147748,122234,15271,293760,NA,NA,NA,NA,NA,NA,NA,NA,NA,NA,NA,NA,NA,NA,NA,NA,NA,NA,NA
"257","Bay of Plenty",2006,"Bay of Plenty 2006",117435,300509,60163,382419,NA,NA,NA,NA,NA,NA,NA,NA,NA,NA,NA,NA,NA,NA,NA,NA,NA,NA,NA
"258","Canterbury",2006,"Canterbury 2006",529952,655676,465055,7463075,NA,NA,NA,NA,NA,NA,NA,NA,NA,NA,NA,NA,NA,NA,NA,NA,NA,NA,NA
"259","Gisborne",2006,"Gisborne 2006",305050,NA,27507,1833833,NA,NA,NA,NA,NA,NA,NA,NA,NA,NA,NA,NA,NA,NA,NA,NA,NA,NA,NA
"260","Hawke's Bay",2006,"Hawke's Bay 2006",528809,79419,106761,4226620,NA,NA,NA,NA,NA,NA,NA,NA,NA,NA,NA,NA,NA,NA,NA,NA,NA,NA,NA
"261","Manawatu-Whanganui",2006,"Manawatu-Whanganui 2006",701871,390125,117242,6870265,NA,NA,NA,NA,NA,NA,NA,NA,NA,NA,NA,NA,NA,NA,NA,NA,NA,NA,NA
"262","Marlborough",2006,"Marlborough 2006",67830,25783,15868,648601,NA,NA,NA,NA,NA,NA,NA,NA,NA,NA,NA,NA,NA,NA,NA,NA,NA,NA,NA
"263","Northland",2006,"Northland 2006",490788,378152,8703,525830,NA,NA,NA,NA,NA,NA,NA,NA,NA,NA,NA,NA,NA,NA,NA,NA,NA,NA,NA
"264","Otago",2006,"Otago 2006",278269,180734,192790,5998440,NA,NA,NA,NA,NA,NA,NA,NA,NA,NA,NA,NA,NA,NA,NA,NA,NA,NA,NA
"265","Southland",2006,"Southland 2006",204632,375911,347537,5928761,NA,NA,NA,NA,NA,NA,NA,NA,NA,NA,NA,NA,NA,NA,NA,NA,NA,NA,NA
"266","Taranaki",2006,"Taranaki 2006",129368,598667,NA,688273,NA,NA,NA,NA,NA,NA,NA,NA,NA,NA,NA,NA,NA,NA,NA,NA,NA,NA,NA
"267","Tasman",2006,"Tasman 2006",45759,65994,25280,323542,NA,NA,NA,NA,NA,NA,NA,NA,NA,NA,NA,NA,NA,NA,NA,NA,NA,NA,NA
"268","Waikato",2006,"Waikato 2006",661261,1735353,126585,2706984,NA,NA,NA,NA,NA,NA,NA,NA,NA,NA,NA,NA,NA,NA,NA,NA,NA,NA,NA
"269","Wellington",2006,"Wellington 2006",176204,103290,22722,2012471,NA,NA,NA,NA,NA,NA,NA,NA,NA,NA,NA,NA,NA,NA,NA,NA,NA,NA,NA
"270","West Coast",2006,"West Coast 2006",37097,148730,48043,78067,NA,NA,NA,NA,NA,NA,NA,NA,NA,NA,NA,NA,NA,NA,NA,NA,NA,NA,NA
"271","Auckland",2005,"Auckland 2005",167868,122015,NA,318201,123,NA,441,270,1388,897,NA,603,NA,NA,NA,NA,NA,NA,NA,NA,NA,NA,NA
"272","Bay of Plenty",2005,"Bay of Plenty 2005",108344,329776,58785,356859,NA,1900,9100,NA,NA,NA,NA,NA,NA,NA,NA,NA,NA,NA,NA,NA,NA,NA,NA
"273","Canterbury",2005,"Canterbury 2005",534176,604756,482605,7602271,210,NA,NA,514,759,4562,NA,1331,NA,NA,NA,NA,NA,NA,NA,NA,NA,NA,NA
"274","Gisborne",2005,"Gisborne 2005",300670,NA,30381,1717266,256,NA,272,NA,NA,NA,2005,1718,NA,NA,NA,NA,NA,NA,NA,NA,NA,NA,NA
"275","Hawke's Bay",2005,"Hawke's Bay 2005",528513,82772,120027,4070230,6067,31,220,376,767,899,3635,4487,NA,NA,NA,NA,NA,NA,NA,NA,NA,NA,NA
"276","Manawatu-Whanganui",2005,"Manawatu-Whanganui 2005",696501,410765,147638,6738633,40,NA,NA,NA,222,1873,NA,NA,NA,NA,NA,NA,NA,NA,NA,NA,NA,NA,NA
"277","Marlborough",2005,"Marlborough 2005",63620,30604,NA,638031,80,NA,NA,322,25,NA,NA,13442,NA,NA,NA,NA,NA,NA,NA,NA,NA,NA,NA
"278","Nelson",2005,"Nelson 2005",3665,NA,NA,17138,89,NA,NA,NA,NA,NA,NA,28,NA,NA,NA,NA,NA,NA,NA,NA,NA,NA,NA
"279","Northland",2005,"Northland 2005",469262,343195,NA,556734,NA,1001,520,NA,NA,11,NA,72,NA,NA,NA,NA,NA,NA,NA,NA,NA,NA,NA
"280","Otago",2005,"Otago 2005",281842,161616,198704,6185038,622,NA,NA,38,NA,72,NA,1380,NA,NA,NA,NA,NA,NA,NA,NA,NA,NA,NA
"281","Southland",2005,"Southland 2005",202326,348075,371374,5950627,NA,NA,NA,NA,NA,NA,NA,NA,NA,NA,NA,NA,NA,NA,NA,NA,NA,NA,NA
"282","Taranaki",2005,"Taranaki 2005",130935,615592,4772,678700,NA,NA,NA,NA,NA,NA,NA,NA,NA,NA,NA,NA,NA,NA,NA,NA,NA,NA,NA
"283","Tasman",2005,"Tasman 2005",45222,67535,31748,325874,2902,10,695,122,15,NA,NA,725,NA,NA,NA,NA,NA,NA,NA,NA,NA,NA,NA
"284","Waikato",2005,"Waikato 2005",676599,1726323,141515,2555163,343,NA,614,NA,1574,2267,NA,153,NA,NA,NA,NA,NA,NA,NA,NA,NA,NA,NA
"285","Wellington",2005,"Wellington 2005",171035,95274,NA,2038979,179,NA,NA,284,NA,NA,NA,829,NA,NA,NA,NA,NA,NA,NA,NA,NA,NA,NA
"286","West Coast",2005,"West Coast 2005",32275,142370,NA,74988,NA,NA,NA,NA,NA,NA,NA,NA,NA,NA,NA,NA,NA,NA,NA,NA,NA,NA,NA
"287","Auckland",2004,"Auckland 2004",166039,141618,23483,325188,NA,NA,NA,NA,NA,NA,NA,NA,NA,NA,NA,NA,NA,NA,NA,NA,NA,NA,NA
"288","Bay of Plenty",2004,"Bay of Plenty 2004",116729,320923,68044,409095,NA,NA,NA,NA,NA,NA,NA,NA,NA,NA,NA,NA,NA,NA,NA,NA,NA,NA,NA
"289","Canterbury",2004,"Canterbury 2004",532238,599643,453336,7499728,NA,NA,NA,NA,NA,NA,NA,NA,NA,NA,NA,NA,NA,NA,NA,NA,NA,NA,NA
"290","Gisborne",2004,"Gisborne 2004",341676,NA,37878,1847723,NA,NA,NA,NA,NA,NA,NA,NA,NA,NA,NA,NA,NA,NA,NA,NA,NA,NA,NA
"291","Hawke's Bay",2004,"Hawke's Bay 2004",612870,91786,147378,4305819,NA,NA,NA,NA,NA,NA,NA,NA,NA,NA,NA,NA,NA,NA,NA,NA,NA,NA,NA
"292","Manawatu-Whanganui",2004,"Manawatu-Whanganui 2004",641607,381464,139242,6263729,NA,NA,NA,NA,NA,NA,NA,NA,NA,NA,NA,NA,NA,NA,NA,NA,NA,NA,NA
"293","Marlborough",2004,"Marlborough 2004",67063,26831,20618,675284,NA,NA,NA,NA,NA,NA,NA,NA,NA,NA,NA,NA,NA,NA,NA,NA,NA,NA,NA
"294","Nelson",2004,"Nelson 2004",3605,NA,1041,NA,NA,NA,NA,NA,NA,NA,NA,NA,NA,NA,NA,NA,NA,NA,NA,NA,NA,NA,NA
"295","Northland",2004,"Northland 2004",451849,399064,16746,494357,NA,NA,NA,NA,NA,NA,NA,NA,NA,NA,NA,NA,NA,NA,NA,NA,NA,NA,NA
"296","Otago",2004,"Otago 2004",259911,174253,206434,5901789,NA,NA,NA,NA,NA,NA,NA,NA,NA,NA,NA,NA,NA,NA,NA,NA,NA,NA,NA
"297","Southland",2004,"Southland 2004",216523,349021,390423,5966919,NA,NA,NA,NA,NA,NA,NA,NA,NA,NA,NA,NA,NA,NA,NA,NA,NA,NA,NA
"298","Taranaki",2004,"Taranaki 2004",122957,664922,6687,687435,NA,NA,NA,NA,NA,NA,NA,NA,NA,NA,NA,NA,NA,NA,NA,NA,NA,NA,NA
"299","Tasman",2004,"Tasman 2004",46223,70848,31531,339028,NA,NA,NA,NA,NA,NA,NA,NA,NA,NA,NA,NA,NA,NA,NA,NA,NA,NA,NA
"300","Waikato",2004,"Waikato 2004",653108,1685661,144469,2457368,NA,NA,NA,NA,NA,NA,NA,NA,NA,NA,NA,NA,NA,NA,NA,NA,NA,NA,NA
"301","Wellington",2004,"Wellington 2004",174206,95021,25802,1943427,NA,NA,NA,NA,NA,NA,NA,NA,NA,NA,NA,NA,NA,NA,NA,NA,NA,NA,NA
"302","West Coast",2004,"West Coast 2004",31274,141401,43777,81941,NA,NA,NA,NA,NA,NA,NA,NA,NA,NA,NA,NA,NA,NA,NA,NA,NA,NA,NA
"303","Auckland",2003,"Auckland 2003",180066,167559,23241,361345,200,138,515,290,1471,758,328,672,NA,NA,NA,NA,NA,NA,NA,NA,NA,NA,NA
"304","Bay of Plenty",2003,"Bay of Plenty 2003",125306,326885,72071,355785,NA,1802,8979,NA,NA,NA,45,NA,NA,NA,NA,NA,NA,NA,NA,NA,NA,NA,NA
"305","Canterbury",2003,"Canterbury 2003",553846,556339,439501,7969929,265,NA,21,832,1109,4792,NA,NA,NA,NA,NA,NA,NA,NA,NA,NA,NA,NA,NA
"306","Gisborne",2003,"Gisborne 2003",349913,6969,NA,1869777,260,61,268,18,NA,4,2447,1595,NA,NA,NA,NA,NA,NA,NA,NA,NA,NA,NA
"307","Hawke's Bay",2003,"Hawke's Bay 2003",574403,92852,139685,3922729,6396,29,267,263,537,585,2924,4272,NA,NA,NA,NA,NA,NA,NA,NA,NA,NA,NA
"308","Manawatu-Whanganui",2003,"Manawatu-Whanganui 2003",699264,408986,136232,6516684,NA,NA,138,NA,532,1994,621,NA,NA,NA,NA,NA,NA,NA,NA,NA,NA,NA,NA
"309","Marlborough",2003,"Marlborough 2003",69955,28233,NA,741038,229,NA,NA,391,16,NA,NA,9072,NA,NA,NA,NA,NA,NA,NA,NA,NA,NA,NA
"310","Northland",2003,"Northland 2003",478201,374019,18922,530059,47,1013,601,NA,NA,NA,102,53,NA,NA,NA,NA,NA,NA,NA,NA,NA,NA,NA
"311","Otago",2003,"Otago 2003",272551,181484,195306,5945247,719,NA,10,32,NA,187,NA,1247,NA,NA,NA,NA,NA,NA,NA,NA,NA,NA,NA
"312","Southland",2003,"Southland 2003",220042,347793,356948,5855296,NA,NA,NA,NA,NA,NA,NA,NA,NA,NA,NA,NA,NA,NA,NA,NA,NA,NA,NA
"313","Taranaki",2003,"Taranaki 2003",121184,623459,9058,664627,NA,49,39,10,NA,37,NA,NA,NA,NA,NA,NA,NA,NA,NA,NA,NA,NA,NA
"314","Tasman",2003,"Tasman 2003",56155,71206,33573,402925,3270,9,633,150,23,49,NA,612,NA,NA,NA,NA,NA,NA,NA,NA,NA,NA,NA
"315","Waikato",2003,"Waikato 2003",696233,1679882,139824,2409128,276,111,787,NA,1927,2164,NA,164,NA,NA,NA,NA,NA,NA,NA,NA,NA,NA,NA
"316","Wellington",2003,"Wellington 2003",176290,111973,25821,1779872,249,NA,13,313,NA,NA,NA,915,NA,NA,NA,NA,NA,NA,NA,NA,NA,NA,NA
"317","West Coast",2003,"West Coast 2003",36968,122572,35487,83978,NA,NA,NA,NA,NA,NA,NA,NA,NA,NA,NA,NA,NA,NA,NA,NA,NA,NA,NA
"318","Northland",2002,"Northland 2002",468432,405387,23412,522189,71,939,605,146,NA,NA,104,53,809897,204072,919,204107,6838,2158,546,61,13989,372144,5063
"319","Auckland",2002,"Auckland 2002",172348,150089,20259,368217,209,175,581,276,1621,852,NA,718,301801,61995,825,63050,6747,1488,1234,1382,13658,144626,6796
"320","Waikato",2002,"Waikato 2002",666884,1663446,143098,2592399,335,167,818,107,2103,2117,NA,218,1730266,521714,551,394394,5833,11584,716,2141,43550,740752,9031
"321","Bay of Plenty",2002,"Bay of Plenty 2002",134815,331410,73027,415379,137,1608,8488,96,50,139,NA,10,599973,119644,379,299405,22301,5109,962,64,17157,133820,1132
"322","Gisborne",2002,"Gisborne 2002",309823,12533,25752,1679377,280,57,295,12,22,NA,2427,1743,643228,3586,NA,155295,6158,3469,128,NA,7697,461335,5457
"323","Hawke's Bay",2002,"Hawke's Bay 2002",555989,88982,126718,3788684,5919,30,189,251,363,641,2795,3835,961804,26966,NA,146236,17800,3634,276,NA,25169,733754,7391
"324","Taranaki",2002,"Taranaki 2002",127218,651700,10762,697637,9,52,47,12,NA,46,NA,NA,496540,216646,106,27379,528,767,425,822,6445,242497,925
"325","Manawatu-Whanganui",2002,"Manawatu-Whanganui 2002",726306,416802,147128,6563838,44,NA,146,52,335,2267,685,NA,1545218,154477,530,162076,1150,8159,998,357,39945,1158057,19468
"326","Wellington",2002,"Wellington 2002",181320,111180,27423,1812531,329,NA,38,272,NA,57,39,801,503838,42263,50,79902,2575,3554,935,75,8984,364914,586
"327","West Coast",2002,"West Coast 2002",38908,124640,33262,92508,NA,NA,NA,NA,NA,NA,NA,NA,225454,69957,NA,NA,NA,NA,NA,NA,15523,78150,160
"328","Canterbury",2002,"Canterbury 2002",505461,542610,411581,7758336,343,NA,NA,659,992,4495,22,749,3150891,164570,972,115556,7418,137723,1602,2119,134148,2551503,35280
"329","Otago",2002,"Otago 2002",267091,204802,196703,6120918,802,NA,15,69,NA,185,NA,1051,2378770,87617,309,144752,6761,19825,551,205,72432,2044709,1609
"330","Southland",2002,"Southland 2002",203670,356220,351558,5950657,NA,NA,NA,13,NA,170,NA,NA,1198388,117253,90,77895,136,23365,641,267,72122,905142,1477
"331","Tasman",2002,"Tasman 2002",49032,67473,32185,356240,2979,15,579,168,37,44,4,532,277019,36512,NA,114729,9905,1956,319,NA,14895,97514,548
"332","Nelson",2002,"Nelson 2002",2642,NA,2228,11089,NA,NA,NA,NA,NA,NA,NA,33,21331,752,10,15079,284,NA,NA,NA,467,4626,NA
"333","Marlborough",2002,"Marlborough 2002",72479,32526,22842,785115,211,NA,NA,449,15,NA,NA,7521,696049,15362,70,77005,12364,NA,137,NA,8422,575298,3529
"334","Chatham Islands",2002,"Chatham Islands 2002",8863,NA,NA,56723,NA,NA,NA,NA,NA,NA,NA,NA,NA,NA,NA,NA,NA,NA,NA,NA,NA,48840,NA
"335","Auckland",1994,"Auckland 1994",213739,168754,33916,498152,600,68,646,NA,1723,1046,781,278,NA,NA,NA,NA,NA,NA,NA,NA,NA,NA,NA
"336","Bay of Plenty",1994,"Bay of Plenty 1994",164806,285752,81873,620337,132,774,8101,NA,11,71,525,22,NA,NA,NA,NA,NA,NA,NA,NA,NA,NA,NA
"337","Canterbury",1994,"Canterbury 1994",452832,212492,258980,9747488,1856,11,NA,NA,671,2517,208,319,NA,NA,NA,NA,NA,NA,NA,NA,NA,NA,NA
"338","Chatham Islands",1994,"Chatham Islands 1994",6472,68,173,103557,NA,NA,NA,NA,NA,NA,NA,NA,NA,NA,NA,NA,NA,NA,NA,NA,NA,NA,NA
"339","Gisborne",1994,"Gisborne 1994",351384,6226,22955,2088870,249,47,325,NA,44,35,1593,1245,NA,NA,NA,NA,NA,NA,NA,NA,NA,NA,NA
"340","Hawke's Bay",1994,"Hawke's Bay 1994",522767,31707,118301,4264012,6179,71,303,NA,131,324,2047,1756,NA,NA,NA,NA,NA,NA,NA,NA,NA,NA,NA
"341","Manawatu-Whanganui",1994,"Manawatu-Whanganui 1994",824881,308022,128676,7458218,136,NA,317,NA,95,2628,305,NA,NA,NA,NA,NA,NA,NA,NA,NA,NA,NA,NA
"342","Marlborough",1994,"Marlborough 1994",74456,22648,18764,955338,NA,NA,NA,NA,37,275,153,NA,NA,NA,NA,NA,NA,NA,NA,NA,NA,NA,NA
"343","Nelson",1994,"Nelson 1994",1891,1412,343,15099,NA,NA,NA,NA,1,9,NA,NA,NA,NA,NA,NA,NA,NA,NA,NA,NA,NA,NA
"344","Northland",1994,"Northland 1994",574072,356561,18141,814163,118,331,715,NA,38,102,952,27,NA,NA,NA,NA,NA,NA,NA,NA,NA,NA,NA
"345","Otago",1994,"Otago 1994",270422,82173,91414,7635968,NA,NA,NA,NA,6,260,2,NA,NA,NA,NA,NA,NA,NA,NA,NA,NA,NA,NA
"346","Southland",1994,"Southland 1994",202538,114378,184512,7850791,NA,NA,NA,NA,288,215,NA,NA,NA,NA,NA,NA,NA,NA,NA,NA,NA,NA,NA
"347","Taranaki",1994,"Taranaki 1994",172784,599083,19024,966752,21,24,60,NA,2,36,NA,NA,NA,NA,NA,NA,NA,NA,NA,NA,NA,NA,NA
"348","Tasman",1994,"Tasman 1994",64453,49092,35810,424875,NA,NA,NA,NA,52,84,7,NA,NA,NA,NA,NA,NA,NA,NA,NA,NA,NA,NA
"349","Waikato",1994,"Waikato 1994",869939,1437630,161997,3606345,679,36,783,NA,1817,1827,926,131,NA,NA,NA,NA,NA,NA,NA,NA,NA,NA,NA
"350","Wellington",1994,"Wellington 1994",212679,83935,30232,2199545,299,NA,83,NA,14,94,11,175,NA,NA,NA,NA,NA,NA,NA,NA,NA,NA,NA
"351","West Coast",1994,"West Coast 1994",67733,79251,25998,216544,NA,NA,NA,NA,NA,NA,NA,NA,NA,NA,NA,NA,NA,NA,NA,NA,NA,NA,NA
